age,income,credit_score,debt_ratio,loan_amount,employment_years,category
22,42407,572,0.43,10896,1,Rejected
32,34399,605,0.43,5856,3,Rejected
28,43357,574,0.4,11505,1,Rejected
35,36512,564,0.52,8123,3,Rejected
29,35469,566,0.45,14745,3,Rejected
27,42286,552,0.55,11699,2,Rejected
29,29009,635,0.36,6788,1,Rejected
35,43640,610,0.5,8292,1,Rejected
30,40693,620,0.4,9593,3,Rejected
30,28502,613,0.53,10124,1,Rejected
34,39675,564,0.41,8576,4,Rejected
29,34396,588,0.53,10651,2,Rejected
35,28414,640,0.5,14505,4,Rejected
26,29462,609,0.53,14488,2,Rejected
30,36672,597,0.39,11973,1,Rejected
31,27416,621,0.47,11295,2,Rejected
33,38192,574,0.44,8069,0,Rejected
26,28889,609,0.5,5129,0,Rejected
32,27830,609,0.54,9677,1,Rejected
32,27507,563,0.36,10709,2,Rejected
23,29058,622,0.46,10271,1,Rejected
34,41167,580,0.47,6809,3,Rejected
35,32406,602,0.53,11063,1,Rejected
25,28517,551,0.46,7574,4,Rejected
33,38526,612,0.55,13328,3,Rejected
26,44482,585,0.51,13775,0,Rejected
22,43017,561,0.46,12741,2,Rejected
25,25285,641,0.46,8745,1,Rejected
24,30707,630,0.49,13992,2,Rejected
27,31198,571,0.51,12210,4,Rejected
22,40341,568,0.37,5198,2,Rejected
27,33479,582,0.36,9446,1,Rejected
33,28661,639,0.42,9343,1,Rejected
23,25074,559,0.51,5861,3,Rejected
28,31857,638,0.37,6408,2,Rejected
28,40590,585,0.44,13766,4,Rejected
23,28732,649,0.48,7278,1,Rejected
35,39551,581,0.36,6515,4,Rejected
22,34273,570,0.38,13723,0,Rejected
28,35020,550,0.38,6731,1,Rejected
35,25488,639,0.51,8152,0,Rejected
25,33364,592,0.35,10786,4,Rejected
30,41021,620,0.46,7222,3,Rejected
34,28318,587,0.54,14413,4,Rejected
34,38457,647,0.49,6565,2,Rejected
33,31225,578,0.45,11192,2,Rejected
24,36914,571,0.54,13869,4,Rejected
28,40487,560,0.53,7856,4,Rejected
28,41401,554,0.48,9006,2,Rejected
30,43530,648,0.39,9352,2,Rejected
26,27566,620,0.55,13659,1,Rejected
28,33104,645,0.37,13390,0,Rejected
25,39692,621,0.37,6478,0,Rejected
27,37431,569,0.49,7243,3,Rejected
32,41538,610,0.43,6895,2,Rejected
29,34392,562,0.48,9188,0,Rejected
28,44684,556,0.46,11485,3,Rejected
25,38346,587,0.39,6961,0,Rejected
22,36649,612,0.36,12553,2,Rejected
28,37345,648,0.39,11711,0,Rejected
31,32571,638,0.4,11794,2,Rejected
27,36377,595,0.39,13997,1,Rejected
31,43409,569,0.53,12750,4,Rejected
35,40464,582,0.42,13708,1,Rejected
22,44537,586,0.41,6875,2,Rejected
26,40079,648,0.43,8524,3,Rejected
29,27821,599,0.39,9551,0,Rejected
29,34118,621,0.48,6481,4,Rejected
35,37934,646,0.46,12882,2,Rejected
33,31118,598,0.35,6053,4,Rejected
23,27457,599,0.43,9994,2,Rejected
26,38620,650,0.42,10421,0,Rejected
27,41804,559,0.38,11471,0,Rejected
25,28262,607,0.5,11761,4,Rejected
25,43243,602,0.52,7417,1,Rejected
26,26489,559,0.55,11585,2,Rejected
24,28166,605,0.42,6807,4,Rejected
25,34037,639,0.46,10504,0,Rejected
26,36194,566,0.4,8814,4,Rejected
23,28126,580,0.44,9446,1,Rejected
35,37363,579,0.43,12812,4,Rejected
26,26810,560,0.41,8569,0,Rejected
25,30172,636,0.45,6273,0,Rejected
32,40307,557,0.48,6457,0,Rejected
34,27563,624,0.42,10380,3,Rejected
25,30195,638,0.47,9783,4,Rejected
32,34733,625,0.39,6313,2,Rejected
25,40569,634,0.52,7112,2,Rejected
31,36214,625,0.4,14537,2,Rejected
34,31249,604,0.37,10714,2,Rejected
29,39084,561,0.45,7825,3,Rejected
24,29234,574,0.43,11503,2,Rejected
26,36311,580,0.38,6612,3,Rejected
33,34603,561,0.44,9613,4,Rejected
31,26154,557,0.48,5068,1,Rejected
29,32257,647,0.39,7512,4,Rejected
29,44157,566,0.38,13905,2,Rejected
35,42142,612,0.44,14629,0,Rejected
35,26001,572,0.5,12316,2,Rejected
29,38224,620,0.39,10606,0,Rejected
27,39526,563,0.55,10274,3,Rejected
35,40033,591,0.46,12555,1,Rejected
30,33428,637,0.46,12225,0,Rejected
23,28123,600,0.44,7787,1,Rejected
34,33701,618,0.48,6114,3,Rejected
31,40024,632,0.37,12818,3,Rejected
26,40344,614,0.38,13363,0,Rejected
33,43196,572,0.48,7890,1,Rejected
27,41371,570,0.36,5462,4,Rejected
30,29828,566,0.44,14209,3,Rejected
28,38483,618,0.51,8529,0,Rejected
34,26433,617,0.54,14992,4,Rejected
27,26287,566,0.52,10910,1,Rejected
29,35744,591,0.5,5556,1,Rejected
31,31310,616,0.42,7726,0,Rejected
23,38253,550,0.53,13073,0,Rejected
30,40205,583,0.49,7727,1,Rejected
33,34291,615,0.44,11905,3,Rejected
22,43824,642,0.48,9359,2,Rejected
31,26964,560,0.41,9060,1,Rejected
22,36082,645,0.45,9046,2,Rejected
25,25461,585,0.43,13024,3,Rejected
33,32212,605,0.5,14366,2,Rejected
34,41772,571,0.51,6832,3,Rejected
26,36130,624,0.37,10208,2,Rejected
23,31182,577,0.35,14883,0,Rejected
32,26916,646,0.47,12103,1,Rejected
33,26840,592,0.53,10980,4,Rejected
26,33148,635,0.35,12152,3,Rejected
29,38327,629,0.36,12818,2,Rejected
33,40705,623,0.51,9044,3,Rejected
30,43136,568,0.4,9263,3,Rejected
23,31679,554,0.37,12544,4,Rejected
33,32667,614,0.4,10161,1,Rejected
26,27604,585,0.48,14139,4,Rejected
30,33484,606,0.41,7194,0,Rejected
34,29621,621,0.43,10161,4,Rejected
26,42819,650,0.38,5806,3,Rejected
32,30112,566,0.49,11278,1,Rejected
35,39155,614,0.4,13755,1,Rejected
25,28277,553,0.39,9439,1,Rejected
28,36816,585,0.39,7640,4,Rejected
35,39307,634,0.4,5917,3,Rejected
27,36195,607,0.49,5033,2,Rejected
33,42290,554,0.35,5094,4,Rejected
26,39577,626,0.48,6546,3,Rejected
30,39293,571,0.36,10715,2,Rejected
22,33424,633,0.47,8972,3,Rejected
24,42637,633,0.41,9405,3,Rejected
33,39468,603,0.46,11927,4,Rejected
35,33949,604,0.43,8928,4,Rejected
28,36359,572,0.48,5766,3,Rejected
34,25265,574,0.41,11691,3,Rejected
26,40579,626,0.52,9887,3,Rejected
31,32856,598,0.43,10347,2,Rejected
23,29226,650,0.38,7938,0,Rejected
35,40176,558,0.42,10179,1,Rejected
31,38483,606,0.37,7201,4,Rejected
32,27287,593,0.53,10759,0,Rejected
32,40263,591,0.46,6485,3,Rejected
34,36077,589,0.37,10756,3,Rejected
31,39401,632,0.37,12310,3,Rejected
24,43781,558,0.43,12403,3,Rejected
23,40055,636,0.43,5058,2,Rejected
35,31615,614,0.46,7900,1,Rejected
29,30016,624,0.43,12967,3,Rejected
31,44162,550,0.38,10979,0,Rejected
34,31904,604,0.43,11118,4,Rejected
27,27653,588,0.38,5772,3,Rejected
35,29094,633,0.48,14767,3,Rejected
30,28941,631,0.53,11868,3,Rejected
29,29852,585,0.44,13754,0,Rejected
35,33332,617,0.51,12299,1,Rejected
33,35324,573,0.5,8475,1,Rejected
30,30280,638,0.36,5806,2,Rejected
35,40250,616,0.46,5362,4,Rejected
32,38405,582,0.4,9758,3,Rejected
23,25612,640,0.41,8892,3,Rejected
30,39570,574,0.48,13515,4,Rejected
30,36458,560,0.39,5654,0,Rejected
25,39087,573,0.49,9976,1,Rejected
25,38029,635,0.45,5516,4,Rejected
23,33257,627,0.5,6953,4,Rejected
32,26495,585,0.36,11307,1,Rejected
24,44029,638,0.37,11033,3,Rejected
29,44370,629,0.49,5931,3,Rejected
24,37945,591,0.45,10351,4,Rejected
25,27585,583,0.41,7407,2,Rejected
29,32296,587,0.36,8393,1,Rejected
30,32893,564,0.54,14387,1,Rejected
24,25834,646,0.49,12356,1,Rejected
33,43406,555,0.54,7358,1,Rejected
30,31596,641,0.45,10358,4,Rejected
25,42381,638,0.48,14831,4,Rejected
26,35265,627,0.48,9379,1,Rejected
32,42969,583,0.53,11309,3,Rejected
29,36482,626,0.45,7697,1,Rejected
34,38349,609,0.41,5895,3,Rejected
33,42975,587,0.48,5721,3,Rejected
26,36321,598,0.52,8913,3,Rejected
34,28150,586,0.47,9875,0,Rejected
34,37908,606,0.36,12905,0,Rejected
33,42346,599,0.38,10358,0,Rejected
25,43737,611,0.54,12410,2,Rejected
23,25221,634,0.39,12577,4,Rejected
23,34310,567,0.42,14473,4,Rejected
26,31288,633,0.39,6787,3,Rejected
33,29856,561,0.4,8168,2,Rejected
26,39795,621,0.48,14309,4,Rejected
35,26190,555,0.41,12396,0,Rejected
25,32167,625,0.47,12056,4,Rejected
35,44573,595,0.52,9558,0,Rejected
26,25824,596,0.46,5684,4,Rejected
22,39391,577,0.36,7053,1,Rejected
24,36473,563,0.45,12652,3,Rejected
34,32647,593,0.52,10136,0,Rejected
28,42340,646,0.54,14808,4,Rejected
27,27809,572,0.44,10284,0,Rejected
22,38526,648,0.41,12749,4,Rejected
27,38716,566,0.5,7314,1,Rejected
22,29393,559,0.44,14699,1,Rejected
24,35674,570,0.48,10124,2,Rejected
26,38944,580,0.49,9876,4,Rejected
33,41766,623,0.43,8546,4,Rejected
29,26783,606,0.39,11475,4,Rejected
28,34203,561,0.38,8065,0,Rejected
28,37881,577,0.54,5231,4,Rejected
33,28071,614,0.46,10388,1,Rejected
25,38152,625,0.42,13260,0,Rejected
33,35203,563,0.47,6240,0,Rejected
26,37069,576,0.47,10421,0,Rejected
35,39352,588,0.48,11449,1,Rejected
30,32005,635,0.46,6722,0,Rejected
29,32750,567,0.47,13797,1,Rejected
32,40590,574,0.51,6415,0,Rejected
24,33201,599,0.49,13485,4,Rejected
25,44514,625,0.45,7492,0,Rejected
24,36732,554,0.47,13746,2,Rejected
31,40038,643,0.37,9333,0,Rejected
27,29589,563,0.49,11290,0,Rejected
35,41805,603,0.37,6544,4,Rejected
35,36333,596,0.5,13586,3,Rejected
35,30221,625,0.41,9439,4,Rejected
31,41829,603,0.36,5474,3,Rejected
33,25398,617,0.38,13039,1,Rejected
29,26872,614,0.45,5616,2,Rejected
25,31453,599,0.53,13701,4,Rejected
26,34032,624,0.46,10730,1,Rejected
23,27476,624,0.36,12080,1,Rejected
31,27599,554,0.45,14716,1,Rejected
31,44337,630,0.44,8855,3,Rejected
29,25527,645,0.37,12017,1,Rejected
28,35615,583,0.5,14368,1,Rejected
34,42610,621,0.49,9335,0,Rejected
32,36883,638,0.45,11655,2,Rejected
23,37993,602,0.5,11665,0,Rejected
28,36255,634,0.51,8825,2,Rejected
30,44605,626,0.4,7258,0,Rejected
29,28152,570,0.54,11529,4,Rejected
27,41591,634,0.36,8787,1,Rejected
22,35198,608,0.43,14454,4,Rejected
23,39966,618,0.52,6420,3,Rejected
22,27210,601,0.45,9781,3,Rejected
33,30676,646,0.36,14962,0,Rejected
27,34502,626,0.48,9663,0,Rejected
34,41653,633,0.48,14990,4,Rejected
33,42000,586,0.55,5057,3,Rejected
32,34771,563,0.41,13499,1,Rejected
33,25641,609,0.43,11823,0,Rejected
25,27867,571,0.47,7270,1,Rejected
24,25951,573,0.38,14015,1,Rejected
32,27372,624,0.38,9975,3,Rejected
35,28916,649,0.43,6358,2,Rejected
35,27415,550,0.41,5008,0,Rejected
32,27714,601,0.36,8053,1,Rejected
23,41512,646,0.54,10298,3,Rejected
28,38207,592,0.49,14375,0,Rejected
32,39739,597,0.37,9769,0,Rejected
28,43621,616,0.51,9665,4,Rejected
23,26553,606,0.39,13163,3,Rejected
23,37838,566,0.52,10154,1,Rejected
33,39375,569,0.49,10197,0,Rejected
25,30662,580,0.39,6094,2,Rejected
24,32820,608,0.45,10434,2,Rejected
27,34843,631,0.52,12829,4,Rejected
27,44446,592,0.48,13272,3,Rejected
26,27225,649,0.45,10209,4,Rejected
29,38166,600,0.44,10492,0,Rejected
23,28981,607,0.48,10723,4,Rejected
28,42893,573,0.43,14387,0,Rejected
30,25286,605,0.43,8235,2,Rejected
25,26389,605,0.45,12912,4,Rejected
23,34591,630,0.53,6894,2,Rejected
30,32797,596,0.55,7246,2,Rejected
31,38763,564,0.36,7531,3,Rejected
30,27983,556,0.36,14857,3,Rejected
30,42706,582,0.45,13529,4,Rejected
33,36039,623,0.5,11809,0,Rejected
28,39272,635,0.49,10201,2,Rejected
31,43496,609,0.49,12292,0,Rejected
32,35073,623,0.44,12714,3,Rejected
32,27503,649,0.44,11600,3,Rejected
23,31496,572,0.46,7539,2,Rejected
33,25801,555,0.4,12436,4,Rejected
28,42140,602,0.5,14467,0,Rejected
26,28589,605,0.5,12328,4,Rejected
25,43436,558,0.46,13735,3,Rejected
28,40991,579,0.55,8100,2,Rejected
26,42814,590,0.37,7279,1,Rejected
35,26342,633,0.49,8088,3,Rejected
28,36935,618,0.43,13750,4,Rejected
34,32524,573,0.55,8328,2,Rejected
32,41283,596,0.48,10363,1,Rejected
24,26527,555,0.37,6699,0,Rejected
29,40176,596,0.41,6428,3,Rejected
25,29648,649,0.49,10433,4,Rejected
28,44991,565,0.42,12483,2,Rejected
29,26411,601,0.45,13248,4,Rejected
26,28506,561,0.44,8968,1,Rejected
35,32314,564,0.41,8046,1,Rejected
23,40198,595,0.41,10401,0,Rejected
23,41965,561,0.43,12557,4,Rejected
35,25099,623,0.36,6831,1,Rejected
25,34989,615,0.54,14640,0,Rejected
24,41743,647,0.55,14277,0,Rejected
28,35361,610,0.39,9573,1,Rejected
31,33633,604,0.52,7346,2,Rejected
25,26296,551,0.49,6269,0,Rejected
23,32943,603,0.35,11130,1,Rejected
26,41215,563,0.43,6348,4,Rejected
30,29774,558,0.49,9945,2,Rejected
26,33398,641,0.45,12870,1,Rejected
31,34106,561,0.41,7192,4,Rejected
28,26810,553,0.36,10113,2,Rejected
27,36474,608,0.54,5719,1,Rejected
29,36245,599,0.46,8286,0,Rejected
25,32384,621,0.39,10577,3,Rejected
25,35938,601,0.53,7365,3,Rejected
23,37983,567,0.52,8381,1,Rejected
23,37208,568,0.36,13804,3,Rejected
24,41932,639,0.54,11372,2,Rejected
28,41234,565,0.38,6458,0,Rejected
26,41958,569,0.5,13501,2,Rejected
30,26064,559,0.54,8701,4,Rejected
29,31124,566,0.5,11985,3,Rejected
22,36737,573,0.44,12467,3,Rejected
34,25430,637,0.42,12548,1,Rejected
26,42317,574,0.41,5852,2,Rejected
29,25964,552,0.42,11078,3,Rejected
27,41207,635,0.38,6850,2,Rejected
35,44726,558,0.49,9262,1,Rejected
28,29948,561,0.45,12479,3,Rejected
24,39039,582,0.45,5319,3,Rejected
24,39514,644,0.45,6889,4,Rejected
22,38746,604,0.52,9349,1,Rejected
32,30857,619,0.5,10977,0,Rejected
35,34928,613,0.37,9156,0,Rejected
33,38019,633,0.4,14628,3,Rejected
22,32944,577,0.38,9695,3,Rejected
35,38700,644,0.42,14449,3,Rejected
27,33315,562,0.5,10693,1,Rejected
29,34772,589,0.48,7712,3,Rejected
31,38600,617,0.42,10781,0,Rejected
23,34442,558,0.44,10669,1,Rejected
23,37895,621,0.49,6703,2,Rejected
27,26329,550,0.51,12729,2,Rejected
35,25124,648,0.4,6050,2,Rejected
33,29566,611,0.38,9575,4,Rejected
26,38514,607,0.41,7719,0,Rejected
22,34569,614,0.53,14004,0,Rejected
31,38170,564,0.36,13758,0,Rejected
28,36868,650,0.4,7653,1,Rejected
25,25505,616,0.42,8126,1,Rejected
34,40248,565,0.42,6365,1,Rejected
29,39723,624,0.36,6560,0,Rejected
34,44604,552,0.42,8310,1,Rejected
23,33204,587,0.44,11171,1,Rejected
22,44416,604,0.37,6663,1,Rejected
34,42718,634,0.48,7184,3,Rejected
28,25123,585,0.55,13477,1,Rejected
23,37043,630,0.35,10055,3,Rejected
27,27215,631,0.48,13151,3,Rejected
27,38462,610,0.37,8704,2,Rejected
35,40011,600,0.5,13940,3,Rejected
32,28812,561,0.51,13034,0,Rejected
22,25299,598,0.42,13620,3,Rejected
33,32024,573,0.41,12407,3,Rejected
25,37062,643,0.41,10915,4,Rejected
24,40337,640,0.37,7347,4,Rejected
24,42562,638,0.52,11730,3,Rejected
22,32219,586,0.51,8729,1,Rejected
34,27529,578,0.42,14823,0,Rejected
22,41556,575,0.4,5958,0,Rejected
30,42397,557,0.55,8281,3,Rejected
27,41370,580,0.5,11055,4,Rejected
26,43553,594,0.5,12756,2,Rejected
33,33384,616,0.47,9393,0,Rejected
28,25351,631,0.55,14086,3,Rejected
25,40126,630,0.53,9410,2,Rejected
25,28320,574,0.36,7689,4,Rejected
27,37060,554,0.43,8046,3,Rejected
35,35422,640,0.5,12946,4,Rejected
33,31254,649,0.36,11851,0,Rejected
34,37308,608,0.4,8205,1,Rejected
31,37065,642,0.44,6242,1,Rejected
27,40588,631,0.51,9475,2,Rejected
22,30998,587,0.54,8811,4,Rejected
23,31669,650,0.37,7359,2,Rejected
29,35047,588,0.35,10725,4,Rejected
27,32318,611,0.51,13409,3,Rejected
34,32679,571,0.48,5376,3,Rejected
32,26482,604,0.5,7982,3,Rejected
22,37101,643,0.43,7683,0,Rejected
31,32684,633,0.49,6522,4,Rejected
26,25983,597,0.48,7258,1,Rejected
31,44683,610,0.49,12913,2,Rejected
23,41024,551,0.36,10715,2,Rejected
28,39692,631,0.51,13028,1,Rejected
23,42467,587,0.52,10353,1,Rejected
27,30500,601,0.51,12791,1,Rejected
30,33777,567,0.47,9515,3,Rejected
32,26662,559,0.46,14893,0,Rejected
31,29010,568,0.51,9006,2,Rejected
35,27277,635,0.4,6431,4,Rejected
25,26449,597,0.45,11200,2,Rejected
34,40446,639,0.46,6252,2,Rejected
29,29142,588,0.45,5196,0,Rejected
27,26024,596,0.46,14923,3,Rejected
27,37991,571,0.35,8411,2,Rejected
34,41242,585,0.37,5949,4,Rejected
24,29076,619,0.39,13905,1,Rejected
28,37842,614,0.45,13078,3,Rejected
33,29389,584,0.35,5769,0,Rejected
32,41153,587,0.35,9541,4,Rejected
35,42561,598,0.53,5926,3,Rejected
32,28534,565,0.4,13371,3,Rejected
31,44630,648,0.37,10292,3,Rejected
32,33240,628,0.35,8866,2,Rejected
35,31182,600,0.39,7082,2,Rejected
25,42066,639,0.53,11930,4,Rejected
26,26073,559,0.38,8873,2,Rejected
27,42268,611,0.35,8005,0,Rejected
29,42082,588,0.45,11018,0,Rejected
23,36776,602,0.53,14840,1,Rejected
29,42750,593,0.45,14024,2,Rejected
34,41499,623,0.35,14903,0,Rejected
33,38311,550,0.48,5123,2,Rejected
25,25577,584,0.42,11535,4,Rejected
25,32233,614,0.5,11167,2,Rejected
28,40025,596,0.36,6423,4,Rejected
35,27298,566,0.4,9526,4,Rejected
35,29869,632,0.35,12337,3,Rejected
23,38876,566,0.38,12523,0,Rejected
27,43544,610,0.42,8957,3,Rejected
29,42635,564,0.51,7499,1,Rejected
22,40866,604,0.37,9073,4,Rejected
26,27336,649,0.39,6957,1,Rejected
28,37656,573,0.52,13657,0,Rejected
23,29747,560,0.46,5281,1,Rejected
35,33234,640,0.36,9070,1,Rejected
25,34258,615,0.41,11410,3,Rejected
23,31672,650,0.43,10810,4,Rejected
34,31435,620,0.48,6944,3,Rejected
22,29798,608,0.44,9132,2,Rejected
30,37914,569,0.52,14201,3,Rejected
26,39267,574,0.39,6256,4,Rejected
35,34705,624,0.43,7028,2,Rejected
27,38853,637,0.47,5722,1,Rejected
22,26486,642,0.42,7803,2,Rejected
30,26749,597,0.52,8027,3,Rejected
33,35800,583,0.38,11316,1,Rejected
27,32668,621,0.47,10476,1,Rejected
28,28341,591,0.37,6983,2,Rejected
22,43536,597,0.41,11476,1,Rejected
35,38376,587,0.36,10830,1,Rejected
28,30042,615,0.36,7327,0,Rejected
32,30355,579,0.47,13457,4,Rejected
27,39251,649,0.44,8427,3,Rejected
23,29350,584,0.37,14589,0,Rejected
23,25567,551,0.43,7662,3,Rejected
34,36737,572,0.55,5006,1,Rejected
29,26919,576,0.36,14850,2,Rejected
33,33289,592,0.54,11021,1,Rejected
24,29080,577,0.38,6776,1,Rejected
34,29159,589,0.5,9921,4,Rejected
29,38448,570,0.39,10454,3,Rejected
30,43020,638,0.38,10219,0,Rejected
26,36728,573,0.46,10306,3,Rejected
24,39466,638,0.54,7888,1,Rejected
27,43805,614,0.35,9639,0,Rejected
30,31539,550,0.51,14976,3,Rejected
32,33399,628,0.48,14116,4,Rejected
28,41114,649,0.37,12347,3,Rejected
30,41601,607,0.52,10371,3,Rejected
32,30279,626,0.39,13441,1,Rejected
31,37661,611,0.55,8145,4,Rejected
26,27180,561,0.36,7558,1,Rejected
35,34605,647,0.45,9114,4,Rejected
22,28178,632,0.37,12282,2,Rejected
23,42321,583,0.37,5306,1,Rejected
44,139817,744,0.21,43752,26,Approved
58,81679,817,0.16,30857,15,Approved
60,136144,832,0.19,37061,27,Approved
39,105451,776,0.12,48021,13,Approved
36,102177,756,0.14,54137,28,Approved
55,116768,764,0.23,45688,22,Approved
57,144517,743,0.14,20713,24,Approved
39,87420,775,0.24,28048,17,Approved
47,121921,780,0.15,55411,28,Approved
41,78551,754,0.14,31206,19,Approved
46,121221,747,0.11,46086,27,Approved
52,111849,794,0.23,51547,21,Approved
39,81238,827,0.23,24939,15,Approved
56,104690,739,0.21,27497,29,Approved
58,112132,815,0.23,55382,16,Approved
56,113004,731,0.15,37489,11,Approved
36,143929,820,0.12,53364,22,Approved
59,147683,732,0.25,35031,28,Approved
38,103118,744,0.19,38516,18,Approved
46,86143,840,0.15,31074,11,Approved
54,129145,741,0.22,42824,13,Approved
42,89633,722,0.13,38731,13,Approved
47,80560,746,0.21,27996,26,Approved
60,110531,818,0.18,37046,18,Approved
50,75062,827,0.15,40120,25,Approved
53,78605,823,0.24,35234,28,Approved
56,99762,760,0.15,40177,27,Approved
44,77087,752,0.15,59802,16,Approved
54,89853,780,0.11,58061,21,Approved
48,126392,786,0.1,48609,15,Approved
36,84713,770,0.21,53502,19,Approved
44,111975,773,0.22,49875,22,Approved
53,123386,784,0.14,48215,20,Approved
39,135888,751,0.18,22707,17,Approved
50,95818,751,0.16,24258,27,Approved
41,144142,743,0.21,50754,15,Approved
45,80195,761,0.19,52449,14,Approved
57,113758,728,0.11,44556,17,Approved
37,113733,776,0.19,28351,12,Approved
46,128301,780,0.19,59773,12,Approved
52,92498,825,0.11,48021,16,Approved
43,118056,806,0.2,49856,19,Approved
48,113906,849,0.17,20297,24,Approved
51,120221,748,0.19,48126,24,Approved
52,91927,837,0.14,26975,24,Approved
39,136263,831,0.11,42188,29,Approved
44,128008,776,0.14,54555,30,Approved
40,140805,829,0.25,44317,16,Approved
42,149276,773,0.25,46239,11,Approved
56,141329,779,0.11,49560,12,Approved
50,138335,776,0.21,37589,23,Approved
40,117649,791,0.19,47795,29,Approved
38,132068,739,0.11,49006,28,Approved
54,88550,802,0.22,32745,26,Approved
41,145467,730,0.15,44111,21,Approved
52,89088,734,0.1,43519,21,Approved
59,116006,776,0.17,31330,29,Approved
47,74198,799,0.15,57426,22,Approved
50,83736,834,0.1,36527,20,Approved
47,79113,847,0.16,38011,21,Approved
53,104803,728,0.22,59668,18,Approved
43,100667,813,0.21,53292,14,Approved
45,146753,745,0.24,26775,21,Approved
45,141682,766,0.25,59030,16,Approved
43,72410,762,0.14,55201,13,Approved
53,95270,727,0.11,29594,24,Approved
48,103524,793,0.1,23228,25,Approved
44,115017,842,0.19,38486,26,Approved
46,122438,798,0.17,37314,19,Approved
36,129995,843,0.17,35261,24,Approved
36,121561,787,0.15,48316,20,Approved
46,134321,824,0.21,22921,15,Approved
37,100497,759,0.14,28493,20,Approved
48,112548,796,0.16,39411,12,Approved
54,78824,778,0.24,30071,12,Approved
59,105516,765,0.1,40851,21,Approved
36,84099,822,0.24,34750,24,Approved
45,93468,817,0.22,48798,13,Approved
51,124608,822,0.18,52792,22,Approved
45,112000,777,0.22,30739,21,Approved
55,101724,846,0.12,34619,18,Approved
37,70421,832,0.19,50030,17,Approved
46,126850,812,0.21,26693,24,Approved
52,114814,749,0.18,54200,19,Approved
38,128160,720,0.24,23434,30,Approved
53,115386,788,0.12,31096,19,Approved
35,99354,781,0.2,37731,30,Approved
54,78917,821,0.13,38740,30,Approved
38,141097,807,0.19,38808,17,Approved
52,100881,761,0.21,33550,13,Approved
42,86925,790,0.21,49570,27,Approved
38,112947,821,0.2,28114,27,Approved
50,110456,812,0.11,30866,26,Approved
57,137433,809,0.2,30336,19,Approved
47,81256,739,0.2,38120,17,Approved
51,125219,813,0.17,38952,12,Approved
42,74432,815,0.12,24844,29,Approved
58,81454,778,0.16,30120,27,Approved
45,95667,814,0.14,33086,21,Approved
35,116564,723,0.17,26895,14,Approved
42,86430,804,0.19,52946,18,Approved
49,133794,812,0.22,29956,10,Approved
47,104991,813,0.22,58457,10,Approved
53,71473,734,0.13,31372,16,Approved
60,105260,742,0.13,24115,13,Approved
36,114673,782,0.16,25603,11,Approved
40,131798,831,0.2,26760,11,Approved
46,115790,760,0.17,48629,19,Approved
53,80693,820,0.24,22119,17,Approved
56,143516,771,0.13,50783,16,Approved
53,91728,737,0.22,32270,16,Approved
37,81468,800,0.14,54091,21,Approved
52,79545,835,0.18,28265,25,Approved
40,136692,795,0.11,30521,10,Approved
48,129771,782,0.16,44812,21,Approved
43,93419,829,0.14,23230,30,Approved
37,134136,803,0.12,36967,18,Approved
52,106529,735,0.17,24554,24,Approved
42,123737,748,0.16,55717,20,Approved
48,122109,790,0.25,32949,19,Approved
36,76961,819,0.19,26570,16,Approved
49,124853,775,0.11,59031,30,Approved
60,91271,744,0.14,37541,24,Approved
41,76278,786,0.24,56342,10,Approved
45,136475,754,0.18,25997,12,Approved
40,126141,724,0.11,30253,11,Approved
52,136564,844,0.14,48337,21,Approved
40,140608,750,0.21,32624,24,Approved
60,141485,757,0.18,36843,30,Approved
37,111707,787,0.1,34628,25,Approved
41,85158,751,0.11,25723,12,Approved
54,103599,820,0.16,26135,17,Approved
37,112875,824,0.17,57229,26,Approved
53,101238,800,0.12,57222,13,Approved
41,130973,750,0.1,36945,29,Approved
52,89229,734,0.21,35999,29,Approved
40,122996,724,0.18,46145,27,Approved
36,74669,755,0.13,57583,10,Approved
39,100706,752,0.1,50431,17,Approved
42,113405,746,0.23,27211,28,Approved
55,106286,818,0.18,25729,19,Approved
44,148354,837,0.12,39590,12,Approved
43,110721,828,0.15,34936,19,Approved
60,106438,720,0.22,39884,16,Approved
39,121030,819,0.19,29738,13,Approved
38,88830,808,0.16,27700,24,Approved
54,129986,841,0.22,22991,13,Approved
37,95486,750,0.17,34457,27,Approved
44,74300,749,0.13,20517,24,Approved
53,75087,737,0.24,44355,28,Approved
47,122489,739,0.12,56659,21,Approved
43,147892,747,0.19,49786,29,Approved
36,91159,842,0.18,20975,24,Approved
51,88557,738,0.2,54653,29,Approved
46,72734,753,0.21,44014,25,Approved
46,138313,726,0.15,50180,19,Approved
42,87861,770,0.2,25271,18,Approved
44,143042,722,0.23,23339,12,Approved
35,92072,831,0.13,56788,21,Approved
58,96704,793,0.18,25291,24,Approved
42,136074,832,0.23,34353,11,Approved
48,119579,838,0.13,38635,21,Approved
41,131434,743,0.16,53320,11,Approved
36,78223,837,0.2,45392,21,Approved
48,89184,801,0.15,55477,27,Approved
39,134648,849,0.16,40847,14,Approved
44,73471,849,0.14,44474,13,Approved
60,96582,810,0.2,47985,29,Approved
58,88636,767,0.19,26591,21,Approved
51,71131,766,0.12,50349,23,Approved
41,79143,839,0.17,50050,12,Approved
38,130142,767,0.18,28675,10,Approved
57,149295,779,0.17,22682,16,Approved
54,96248,850,0.1,58783,29,Approved
38,90250,796,0.23,48908,12,Approved
36,91078,825,0.13,47382,24,Approved
53,116333,778,0.21,57147,24,Approved
59,106161,844,0.15,55591,11,Approved
58,113801,749,0.14,30507,11,Approved
43,126105,844,0.24,21044,18,Approved
59,97546,791,0.24,37079,21,Approved
41,145082,792,0.17,23960,16,Approved
41,118902,821,0.2,53791,26,Approved
39,146364,779,0.13,47248,27,Approved
59,145425,838,0.17,51972,10,Approved
41,121576,723,0.21,20478,25,Approved
40,89595,733,0.24,26279,14,Approved
41,122183,765,0.19,33071,13,Approved
35,107446,816,0.13,41212,15,Approved
55,105926,780,0.16,44872,27,Approved
60,71402,792,0.2,38115,23,Approved
53,86068,778,0.12,30993,21,Approved
50,110366,765,0.18,37852,11,Approved
42,99207,724,0.18,56007,17,Approved
44,130007,793,0.14,28845,20,Approved
57,140135,829,0.14,22924,17,Approved
44,91688,782,0.14,33057,16,Approved
55,140437,768,0.14,35619,14,Approved
35,116406,825,0.25,30726,25,Approved
59,95720,721,0.18,58495,10,Approved
43,84091,840,0.14,53762,15,Approved
44,120874,755,0.23,30207,18,Approved
57,101439,833,0.16,40188,28,Approved
45,115831,725,0.19,44814,26,Approved
35,146595,779,0.11,21644,15,Approved
60,146603,786,0.24,24130,14,Approved
43,98681,727,0.22,33452,17,Approved
52,138058,762,0.16,30322,30,Approved
58,86956,805,0.12,26266,15,Approved
57,132559,781,0.21,29964,25,Approved
42,119228,791,0.2,40109,22,Approved
35,131128,836,0.15,39364,14,Approved
51,72953,775,0.17,41210,10,Approved
38,144000,752,0.24,31411,20,Approved
55,111420,845,0.24,37907,14,Approved
40,74160,846,0.13,33906,19,Approved
49,83227,826,0.22,57912,16,Approved
36,89353,837,0.22,24951,27,Approved
49,112103,732,0.18,23988,23,Approved
53,112223,774,0.19,58410,11,Approved
50,119276,726,0.11,37245,23,Approved
44,87303,740,0.2,42799,16,Approved
35,117302,801,0.18,51806,20,Approved
60,125115,821,0.14,56320,14,Approved
55,83333,798,0.17,53805,11,Approved
37,108800,780,0.17,28811,25,Approved
41,99013,770,0.24,49638,28,Approved
55,106539,805,0.15,51319,23,Approved
57,148513,754,0.14,43254,20,Approved
60,92504,799,0.22,56945,17,Approved
56,121444,828,0.22,36008,17,Approved
60,141009,785,0.2,38227,21,Approved
59,116659,813,0.12,54935,13,Approved
60,108106,763,0.22,44960,25,Approved
36,92999,735,0.12,43264,12,Approved
40,127521,834,0.13,31950,14,Approved
57,120724,829,0.25,34733,16,Approved
50,91692,779,0.24,51086,13,Approved
46,140063,783,0.24,44089,27,Approved
51,124210,739,0.12,45172,17,Approved
45,126427,812,0.16,25995,23,Approved
40,109902,832,0.21,33585,10,Approved
55,128983,758,0.22,50775,15,Approved
35,135382,839,0.17,51586,22,Approved
45,148886,789,0.15,58968,30,Approved
57,149915,782,0.14,24567,21,Approved
42,140281,765,0.16,50080,26,Approved
60,71131,774,0.14,46439,11,Approved
42,141145,818,0.23,30735,19,Approved
46,120875,736,0.25,31772,28,Approved
44,114399,763,0.19,37424,27,Approved
47,80979,804,0.1,36775,16,Approved
56,117229,828,0.2,29834,25,Approved
41,134016,773,0.12,42415,18,Approved
47,125198,803,0.23,43141,19,Approved
36,95316,756,0.22,26929,26,Approved
55,96626,737,0.19,20446,17,Approved
49,133644,810,0.15,40530,10,Approved
36,79075,758,0.15,25285,18,Approved
41,81690,773,0.15,59569,17,Approved
55,91380,803,0.14,27254,13,Approved
50,115523,813,0.12,30786,30,Approved
47,114468,773,0.11,59264,30,Approved
56,70487,796,0.23,34539,20,Approved
38,99660,840,0.24,58018,21,Approved
51,73474,794,0.17,51222,16,Approved
52,148030,808,0.23,41654,17,Approved
56,118255,755,0.22,30073,12,Approved
50,145770,747,0.16,43681,17,Approved
46,147166,781,0.19,29095,12,Approved
55,144015,790,0.24,56871,12,Approved
45,124097,804,0.12,31904,15,Approved
58,81528,784,0.16,46251,21,Approved
46,135093,741,0.25,53437,12,Approved
35,90792,737,0.18,48677,26,Approved
55,90037,723,0.1,44922,22,Approved
44,129770,734,0.15,24056,23,Approved
56,122667,731,0.1,24017,13,Approved
44,99762,757,0.1,39453,11,Approved
59,123990,784,0.24,20762,30,Approved
44,137121,823,0.19,41893,17,Approved
40,90958,809,0.24,58761,17,Approved
57,110268,748,0.24,49769,12,Approved
48,82720,840,0.19,48659,20,Approved
36,122779,773,0.11,58839,18,Approved
42,104786,721,0.16,26465,19,Approved
42,104267,833,0.15,49835,26,Approved
42,119186,767,0.14,47075,28,Approved
43,79789,812,0.16,57654,26,Approved
52,74322,800,0.17,59627,17,Approved
41,141181,805,0.17,33128,18,Approved
43,137906,773,0.2,35606,30,Approved
40,80325,810,0.18,41159,20,Approved
39,70578,813,0.13,49809,25,Approved
47,83622,737,0.15,43813,20,Approved
57,110937,759,0.14,20228,16,Approved
52,107506,740,0.18,56617,18,Approved
56,73785,832,0.2,43276,19,Approved
45,143438,847,0.19,59018,29,Approved
57,116187,769,0.15,57095,23,Approved
41,92121,830,0.17,39349,27,Approved
59,116997,743,0.21,59113,24,Approved
55,120623,821,0.22,57053,12,Approved
43,94239,850,0.16,21343,15,Approved
39,73139,844,0.2,59764,29,Approved
52,101380,756,0.21,36048,18,Approved
44,138568,808,0.17,51915,17,Approved
60,97927,837,0.16,20651,23,Approved
38,131311,816,0.16,20105,10,Approved
59,115939,736,0.18,57656,26,Approved
45,141704,830,0.22,46679,14,Approved
40,106495,840,0.11,41183,29,Approved
39,128437,834,0.19,35852,22,Approved
52,71081,795,0.17,34730,27,Approved
49,95882,759,0.11,31408,26,Approved
49,86850,792,0.23,20861,13,Approved
36,97931,794,0.14,53976,28,Approved
59,123783,807,0.2,42030,24,Approved
54,111889,737,0.15,46474,26,Approved
56,112638,743,0.17,59869,15,Approved
43,129893,733,0.15,46624,17,Approved
37,96716,845,0.25,22680,21,Approved
52,75709,775,0.19,44905,22,Approved
36,141025,849,0.15,26881,29,Approved
48,133379,841,0.12,55642,10,Approved
39,91967,842,0.19,56023,17,Approved
52,98798,825,0.11,43952,29,Approved
42,70749,735,0.15,56036,17,Approved
47,147580,845,0.2,29964,10,Approved
48,82051,747,0.15,31172,17,Approved
41,75222,826,0.12,27308,11,Approved
52,86012,818,0.17,28252,25,Approved
57,117078,753,0.2,26836,21,Approved
44,116596,750,0.17,46063,30,Approved
40,72686,766,0.1,54707,13,Approved
51,106951,776,0.19,57170,10,Approved
43,112897,801,0.16,55075,29,Approved
56,93700,845,0.2,40656,10,Approved
58,108025,794,0.22,22480,22,Approved
38,145225,840,0.19,43958,22,Approved
38,83193,834,0.13,57251,18,Approved
54,124361,799,0.12,48730,23,Approved
52,70193,739,0.2,36963,24,Approved
35,139987,824,0.12,35096,23,Approved
38,136114,803,0.25,45444,16,Approved
43,138913,798,0.17,53173,15,Approved
38,141981,830,0.12,23051,20,Approved
48,114440,821,0.25,36804,16,Approved
48,142316,792,0.22,23264,22,Approved
53,92013,799,0.22,40786,14,Approved
57,99899,736,0.17,38750,26,Approved
41,100314,822,0.13,23132,11,Approved
40,82534,763,0.14,38142,22,Approved
53,108873,844,0.19,58743,17,Approved
36,139678,788,0.25,37541,28,Approved
57,129888,806,0.18,39881,16,Approved
58,142447,753,0.16,26338,26,Approved
49,142085,825,0.14,58362,14,Approved
41,74559,834,0.17,53785,18,Approved
45,117360,778,0.2,44566,24,Approved
43,129415,731,0.15,45899,28,Approved
53,134370,822,0.21,43661,11,Approved
51,111252,723,0.18,45666,21,Approved
41,82527,734,0.17,23812,18,Approved
42,87870,794,0.19,30659,20,Approved
36,108383,754,0.23,37559,11,Approved
50,103443,754,0.16,27601,15,Approved
45,109564,841,0.18,57795,20,Approved
49,129733,827,0.18,53153,22,Approved
58,120785,766,0.13,45360,12,Approved
58,95865,816,0.14,46338,11,Approved
50,111349,777,0.14,34945,27,Approved
40,145131,814,0.24,57704,28,Approved
56,104171,820,0.21,49041,20,Approved
37,128415,788,0.19,57415,23,Approved
47,128796,789,0.14,47456,18,Approved
55,99975,840,0.12,21236,14,Approved
53,78220,793,0.12,29335,27,Approved
52,104712,810,0.15,33001,24,Approved
55,110259,768,0.24,53261,24,Approved
54,103039,846,0.11,35145,13,Approved
41,142080,848,0.22,46685,17,Approved
36,114206,834,0.18,40194,11,Approved
59,121939,730,0.11,58207,15,Approved
51,74086,825,0.11,56870,30,Approved
43,105326,840,0.11,45404,11,Approved
42,139485,734,0.19,49070,26,Approved
57,140647,789,0.11,30123,12,Approved
58,86008,747,0.15,28749,10,Approved
39,137653,727,0.23,59461,25,Approved
54,136411,754,0.17,57545,22,Approved
58,143716,754,0.13,24054,23,Approved
52,115559,784,0.1,24885,28,Approved
47,119684,734,0.1,22769,21,Approved
60,118086,744,0.19,25361,15,Approved
45,104260,777,0.16,46096,20,Approved
47,114326,823,0.21,59218,18,Approved
41,108152,821,0.24,56226,16,Approved
42,72150,740,0.2,55257,27,Approved
36,95927,765,0.18,34456,27,Approved
58,77584,781,0.13,59589,19,Approved
47,100074,827,0.23,27350,12,Approved
45,103542,806,0.19,55399,12,Approved
45,106840,809,0.13,45716,20,Approved
45,149372,723,0.23,31190,23,Approved
44,102452,730,0.24,36310,16,Approved
54,138107,814,0.12,43374,13,Approved
38,75361,741,0.2,43777,10,Approved
53,133427,730,0.18,36295,13,Approved
53,96143,783,0.18,48205,20,Approved
51,71322,839,0.2,31888,21,Approved
39,121550,726,0.2,42631,29,Approved
52,119488,804,0.17,58876,15,Approved
44,122714,725,0.17,26663,25,Approved
53,91425,805,0.24,20498,23,Approved
39,102830,811,0.21,48509,20,Approved
60,97779,722,0.24,38768,14,Approved
57,128218,754,0.2,44081,30,Approved
50,131090,776,0.2,57388,14,Approved
52,143292,766,0.14,35644,21,Approved
52,146487,771,0.12,49651,12,Approved
41,149145,813,0.13,47825,27,Approved
40,103174,731,0.15,47428,17,Approved
53,140750,751,0.21,46582,12,Approved
47,80370,837,0.23,53996,10,Approved
51,106531,827,0.17,22005,30,Approved
57,133200,794,0.2,35245,19,Approved
41,123401,807,0.17,59660,18,Approved
55,127859,747,0.19,21823,21,Approved
49,73664,822,0.19,31849,19,Approved
45,87134,801,0.1,53507,27,Approved
47,138827,849,0.16,52666,11,Approved
36,113626,815,0.14,21827,24,Approved
56,133843,779,0.19,58995,25,Approved
40,103731,847,0.22,51157,17,Approved
59,75649,821,0.1,49728,23,Approved
35,93483,849,0.18,24590,19,Approved
36,115755,745,0.13,43507,25,Approved
56,86559,803,0.22,45822,15,Approved
43,141199,835,0.12,26741,28,Approved
41,115785,790,0.12,31118,21,Approved
44,88861,744,0.22,33873,16,Approved
50,118066,842,0.24,25162,22,Approved
53,96859,814,0.18,47112,13,Approved
42,81536,812,0.1,57339,26,Approved
56,86288,781,0.17,42763,28,Approved
53,74937,764,0.17,56938,26,Approved
42,124904,843,0.16,59738,20,Approved
46,120653,797,0.23,24927,15,Approved
38,109446,780,0.19,45928,27,Approved
45,113836,743,0.22,22269,16,Approved
54,121920,842,0.17,43344,28,Approved
40,79565,789,0.15,56929,29,Approved
36,98759,832,0.24,26543,24,Approved
40,80658,793,0.19,50687,30,Approved
37,115642,793,0.18,59800,24,Approved
47,87892,800,0.16,53050,14,Approved
45,106183,845,0.18,31805,15,Approved
51,99631,757,0.14,27990,18,Approved
44,116885,736,0.16,23311,26,Approved
44,108968,753,0.11,34615,28,Approved
46,144983,808,0.24,35536,30,Approved
58,122510,820,0.11,41695,12,Approved
36,89550,785,0.11,22287,15,Approved
56,88743,811,0.17,45192,10,Approved
58,148996,788,0.16,43312,30,Approved
55,103575,769,0.11,31288,12,Approved
35,91188,721,0.12,59447,17,Approved
35,105721,790,0.17,29254,23,Approved
36,80569,749,0.2,43372,22,Approved
39,72912,841,0.21,44279,28,Approved
56,90728,822,0.24,31365,16,Approved
36,149911,726,0.21,23664,11,Approved
55,71363,743,0.2,57076,10,Approved
59,128038,834,0.24,49617,25,Approved
49,135236,792,0.18,51708,10,Approved
45,76193,730,0.24,52120,30,Approved
54,78769,799,0.11,32216,21,Approved
56,74659,828,0.22,31600,17,Approved
55,90289,803,0.23,56663,23,Approved
50,141049,730,0.17,23290,23,Approved
35,90114,811,0.2,46303,24,Approved
59,73723,761,0.14,34922,16,Approved
42,91486,820,0.22,43298,11,Approved
47,123435,721,0.11,24970,22,Approved
39,90670,753,0.23,55862,20,Approved
40,133905,732,0.12,37852,25,Approved
60,72500,821,0.14,46975,20,Approved
54,137733,785,0.2,29419,10,Approved
39,91309,736,0.19,53986,24,Approved
49,91500,720,0.12,39123,11,Approved
57,83089,840,0.15,38086,27,Approved
54,149784,769,0.24,42977,27,Approved
40,149423,832,0.19,32696,18,Approved
58,130984,753,0.14,29783,29,Approved
46,73810,750,0.12,42151,29,Approved
48,129407,782,0.14,42873,20,Approved
37,95184,747,0.21,50427,28,Approved
44,121966,829,0.16,27557,24,Approved
38,143192,780,0.23,22625,23,Approved
