primary_score,secondary_score,tertiary_score,risk_index,severity_level,duration_factor,frequency_rate,intensity_score,recovery_index,response_rate,subsector
21.64,85.13,27.23,8.48,7.74,5.32,15.36,92.26,14.45,16.35,fertility
92.31,10.5,22.8,18.15,20.6,81.7,19.23,27.66,24.09,12.97,allergy
87.91,10.35,5.35,15.57,10.91,11.97,16.57,5.74,18.05,96.75,psychiatry
24.69,11.37,75.94,20.53,21.2,27.44,25.55,20.14,99.06,13.81,neonatal
25.07,85.33,24.68,19.7,9.51,23.85,98.06,11.58,15.6,13.25,telemedicine
11.25,10.39,76.54,19.66,24.53,8.24,17.98,20.08,92.57,12.31,neonatal
15.35,19.05,92.7,9.59,13.57,6.03,20.9,82.93,12.4,27.24,pain_mgmt
99.25,15.91,27.38,19.37,13.38,74.2,13.61,13.81,20.85,16.94,allergy
96.2,10.38,15.16,22.29,81.05,7.15,23.66,26.4,8.13,26.41,family_med
11.19,21.99,12.76,15.51,6.81,99.97,10.75,5.52,80.08,23.17,rehabilitation
17.34,5.4,11.45,96.18,5.29,87.98,8.06,5.73,16.96,9.62,emergency
12.6,95.6,21.84,9.06,78.42,21.52,14.81,5.89,12.0,19.78,immunology
18.43,17.86,97.5,20.84,10.11,86.48,21.53,8.87,26.92,17.81,infectious
18.71,15.83,11.75,23.62,12.8,14.2,12.71,25.87,97.05,73.01,geriatrics
93.25,21.87,84.02,18.78,12.65,17.76,8.35,26.39,24.28,9.49,radiology
19.02,8.66,10.68,27.35,94.11,19.12,21.31,19.71,21.98,87.39,dialysis
93.9,77.97,10.23,6.68,18.88,20.37,19.25,15.66,13.74,24.86,dental
92.36,77.79,22.4,13.49,21.45,13.5,14.73,17.97,26.87,7.5,dental
12.66,98.94,8.46,7.66,20.39,75.64,23.03,17.22,25.68,15.45,internal_med
15.57,26.64,9.75,7.61,97.68,26.48,8.45,16.35,80.27,22.09,thoracic
18.15,17.3,97.97,17.43,21.14,12.93,87.12,6.53,21.26,23.87,plastic_surgery
6.29,99.59,75.21,11.96,16.29,13.76,20.35,27.42,18.95,21.59,cardiology
93.26,10.93,20.36,16.75,17.15,78.76,26.69,8.45,24.04,13.81,allergy
81.33,5.84,8.1,25.97,16.2,12.32,21.55,27.02,21.57,94.19,psychiatry
99.59,26.29,26.47,82.35,18.02,9.36,22.77,17.27,14.51,11.84,rheumatology
7.06,9.13,10.46,7.98,14.34,12.51,13.82,94.88,75.98,19.74,pediatrics
17.72,23.95,7.38,12.01,93.2,6.85,8.14,11.29,23.94,74.59,dialysis
26.26,7.45,75.59,10.99,25.15,23.61,6.62,95.35,6.11,23.28,pharmacy
6.36,82.83,8.69,16.96,26.56,16.42,97.23,7.59,15.98,12.54,telemedicine
24.04,22.38,16.42,15.82,99.21,13.49,72.9,12.41,9.82,6.14,surgery
5.73,17.44,12.33,79.1,27.55,11.22,5.9,19.18,8.25,94.68,maternal
12.42,17.46,96.38,15.56,20.59,21.14,20.26,73.48,15.58,16.8,pain_mgmt
26.71,11.53,12.84,13.45,19.73,12.76,12.08,9.22,94.78,83.36,geriatrics
81.68,13.66,6.24,21.9,26.39,17.36,13.9,26.9,97.13,5.45,gastroenterology
23.32,17.09,23.42,25.68,21.39,17.73,5.77,96.25,75.01,24.98,pediatrics
26.64,17.9,23.18,21.2,97.51,12.94,74.05,19.66,7.18,13.19,surgery
26.94,7.92,26.62,23.19,96.34,6.43,12.26,25.06,77.72,27.57,thoracic
23.11,8.79,10.22,5.84,25.72,99.47,73.33,8.38,9.72,9.16,dermatology
15.8,13.53,5.57,74.83,15.76,25.59,16.36,18.35,98.55,5.26,laboratory
13.09,9.32,11.71,8.59,23.86,6.34,15.27,11.58,95.24,86.3,geriatrics
76.0,10.56,21.18,12.07,10.64,9.29,21.34,5.87,10.93,98.02,psychiatry
20.09,11.41,15.43,10.34,94.3,7.06,11.9,19.98,13.83,82.26,dialysis
98.9,6.79,14.47,83.41,8.84,7.48,21.93,12.9,16.24,26.43,rheumatology
7.48,8.91,15.71,13.88,9.11,94.77,19.24,78.08,22.39,10.91,urology
26.59,13.35,96.05,26.57,75.5,7.5,27.45,7.14,18.11,15.96,anesthesiology
20.59,5.54,20.52,84.89,9.88,7.75,20.02,7.26,12.95,95.0,maternal
19.28,12.2,20.05,9.03,20.04,96.84,17.22,12.06,85.24,26.03,rehabilitation
23.48,77.48,7.6,10.27,9.21,10.48,8.28,98.29,5.26,13.06,fertility
21.99,20.42,96.58,87.48,21.75,26.04,10.57,21.41,18.75,26.26,oncology
22.18,5.22,95.07,19.76,8.91,14.09,11.17,78.66,5.85,18.06,pain_mgmt
20.45,20.9,19.33,16.97,26.62,23.0,27.2,96.58,19.47,78.3,pulmonology
15.88,24.73,11.54,9.08,10.69,8.98,94.73,75.89,19.19,5.31,ophthalmology
10.29,20.74,8.45,27.76,26.51,8.22,26.51,93.94,17.16,85.74,pulmonology
21.39,21.97,10.89,27.48,16.76,93.31,16.07,12.5,12.9,73.68,transplant
82.94,7.78,11.48,18.85,13.98,10.87,5.56,98.8,17.48,19.81,sports_med
12.29,72.48,20.43,14.29,14.5,14.12,19.37,6.65,21.85,98.69,endocrinology
10.25,87.32,11.06,20.73,15.04,13.49,99.8,16.52,8.37,17.51,telemedicine
74.64,7.32,18.95,19.92,12.26,9.32,96.03,12.45,22.77,7.64,bariatric
13.52,8.45,20.01,19.57,83.48,19.49,23.81,21.79,17.76,95.18,blood_bank
93.95,84.78,7.46,22.96,25.93,13.81,19.5,14.89,15.07,12.14,dental
9.32,15.65,96.37,14.77,27.99,8.83,13.2,72.42,14.58,15.7,pain_mgmt
92.24,22.44,12.23,9.02,76.34,16.49,5.91,22.7,24.98,7.42,family_med
5.64,18.21,8.28,24.24,23.61,27.4,96.49,21.37,72.89,10.48,nephrology
26.81,94.44,15.56,7.49,16.58,18.72,84.95,14.23,6.42,26.49,sleep_med
73.26,10.51,22.76,16.86,8.78,22.63,5.12,19.88,96.19,27.42,gastroenterology
11.4,11.12,22.25,72.3,17.84,12.59,25.61,9.07,24.46,96.55,maternal
94.07,21.51,6.4,9.06,84.01,14.72,12.86,16.4,25.25,9.68,family_med
5.69,7.08,93.84,12.89,24.35,81.68,11.79,23.68,23.98,26.62,infectious
9.7,24.36,5.66,22.26,93.54,15.12,74.54,22.44,22.25,14.91,surgery
19.38,19.68,97.35,11.07,15.92,25.46,22.56,82.97,11.0,23.18,pain_mgmt
97.22,78.48,18.71,7.47,5.39,25.92,11.2,23.85,27.99,9.86,dental
14.15,15.93,18.35,23.36,24.77,99.57,19.14,87.67,27.79,16.16,urology
12.2,11.0,99.04,11.41,10.59,16.84,77.61,13.74,21.28,21.94,plastic_surgery
9.47,15.64,18.72,15.92,6.6,13.51,15.24,95.92,87.61,14.7,pediatrics
5.34,5.62,25.01,14.0,9.24,17.8,18.25,14.27,95.19,76.06,geriatrics
6.53,25.19,26.27,24.76,12.29,20.23,95.64,13.43,84.27,26.65,nephrology
24.09,8.1,8.85,16.25,98.77,15.77,17.99,85.88,22.73,22.72,nutrition
12.26,18.63,13.77,99.14,22.35,23.24,8.71,84.32,21.13,25.92,vascular
21.56,11.8,20.0,15.12,73.22,14.46,9.2,8.56,17.85,93.1,blood_bank
15.47,17.62,6.4,8.47,5.16,15.11,17.22,98.93,17.59,76.68,pulmonology
8.05,27.14,10.05,8.55,21.61,9.75,21.19,96.91,13.73,81.35,pulmonology
21.88,99.67,24.66,23.05,23.34,77.03,7.19,14.06,20.59,26.11,internal_med
22.29,16.04,92.73,75.3,9.32,16.68,5.69,11.52,18.97,13.16,oncology
10.22,9.43,21.42,20.82,97.11,27.66,22.14,23.08,87.72,24.76,thoracic
23.74,25.68,22.41,96.32,19.25,20.52,11.64,12.67,81.11,26.86,wound_care
15.61,10.26,20.06,27.41,85.87,10.48,9.61,17.72,16.58,96.02,blood_bank
14.03,13.94,10.23,8.54,19.74,11.53,99.84,10.06,18.65,77.14,palliative
11.85,16.4,9.6,99.34,6.65,16.35,16.29,8.45,86.25,14.94,wound_care
23.47,17.3,98.28,17.89,9.36,5.79,85.96,16.91,14.14,6.6,plastic_surgery
8.09,14.37,24.1,13.2,27.19,95.6,10.34,73.45,23.47,16.46,urology
22.97,21.83,5.68,14.38,99.6,21.37,12.71,83.02,17.52,23.38,nutrition
27.27,80.68,10.31,20.38,20.14,27.0,7.2,20.3,93.74,27.88,occupational
18.41,21.35,22.45,17.79,8.12,11.03,7.37,93.31,73.25,17.16,pediatrics
76.86,9.89,14.55,13.82,12.08,11.7,26.71,25.81,20.14,95.8,psychiatry
78.68,5.74,16.32,9.39,10.13,93.48,7.55,19.14,11.86,27.37,home_health
87.39,14.45,15.05,11.4,15.0,95.16,11.54,8.81,9.94,9.3,home_health
93.82,25.94,25.5,22.63,16.97,87.19,11.27,27.69,18.45,23.94,allergy
83.6,19.87,18.75,22.22,12.06,23.06,11.6,94.07,6.29,24.62,sports_med
22.33,12.89,7.87,8.82,96.59,18.46,77.37,16.62,5.0,14.78,surgery
27.14,21.36,8.75,5.56,6.49,95.37,20.84,19.11,12.78,81.8,transplant
21.64,27.16,20.15,11.16,5.34,9.21,97.13,13.07,13.38,81.69,palliative
21.11,25.74,27.08,5.69,92.06,17.82,26.29,24.9,21.34,81.07,dialysis
9.35,95.7,22.74,6.13,21.65,9.38,80.4,5.26,13.49,20.2,sleep_med
18.35,25.99,98.27,24.52,19.86,10.37,80.91,21.76,21.1,20.93,plastic_surgery
25.67,13.37,75.1,26.54,9.61,14.8,26.29,20.13,10.78,98.4,preventive
23.63,10.61,92.1,27.71,9.21,80.67,9.56,13.92,13.92,23.68,infectious
18.33,75.63,27.21,7.59,7.75,10.39,14.2,10.12,13.47,92.2,endocrinology
8.97,26.94,20.06,8.97,15.1,15.54,97.05,87.26,13.96,18.47,ophthalmology
21.16,86.51,27.75,14.6,17.3,16.02,94.64,13.32,15.27,9.0,telemedicine
17.76,23.7,21.59,24.06,93.68,5.89,19.59,5.38,9.02,86.16,dialysis
93.55,5.33,15.17,15.44,14.99,72.65,16.3,16.09,12.29,25.68,allergy
14.84,26.21,78.2,27.42,19.18,6.76,26.42,97.22,27.22,20.58,pharmacy
27.84,7.8,26.41,17.59,94.53,24.63,27.83,24.65,6.01,84.77,dialysis
81.45,23.27,19.52,15.27,5.1,21.04,22.58,94.46,16.15,15.69,sports_med
76.59,18.41,8.36,12.03,8.34,9.0,93.01,17.07,25.44,19.28,bariatric
11.62,10.94,12.32,93.99,11.92,7.66,22.14,75.37,5.31,21.38,vascular
20.72,19.39,98.98,16.86,14.2,16.5,81.7,18.9,16.67,10.63,plastic_surgery
5.86,24.34,23.82,21.75,97.61,16.07,84.95,25.6,26.89,10.38,surgery
98.7,12.65,19.52,73.73,8.04,10.11,23.76,20.48,13.58,16.67,rheumatology
20.34,10.15,20.99,96.31,12.19,12.12,8.86,27.06,75.93,15.13,wound_care
17.08,98.97,26.73,21.79,6.57,9.27,74.15,21.89,24.88,11.41,sleep_med
12.2,75.87,13.02,27.31,10.39,14.76,25.13,20.85,24.17,96.06,endocrinology
83.52,26.17,26.6,12.69,27.13,93.43,26.21,16.63,12.25,14.65,home_health
26.98,93.95,20.34,14.32,5.38,79.47,18.61,5.21,21.26,10.65,internal_med
6.83,26.8,98.26,21.59,13.48,10.92,20.47,77.79,27.3,14.75,pain_mgmt
14.63,78.41,8.5,17.27,10.11,14.07,9.79,7.44,27.59,99.65,endocrinology
14.81,21.3,14.4,74.35,19.84,18.53,6.58,21.64,18.53,96.77,maternal
7.32,19.91,13.81,15.86,6.92,94.73,15.07,84.01,12.21,24.59,urology
18.23,13.68,22.81,15.09,26.69,12.5,17.49,97.86,75.5,5.38,pediatrics
9.97,75.19,13.88,7.96,8.66,8.6,13.92,9.33,23.57,98.67,endocrinology
19.59,21.27,14.64,26.05,94.42,12.76,10.05,83.86,6.75,23.48,nutrition
20.31,92.06,22.55,18.93,6.92,20.7,86.58,15.54,16.8,25.08,sleep_med
99.1,20.43,12.75,76.18,17.39,21.83,27.73,23.35,5.64,5.54,rheumatology
9.17,77.21,26.15,11.58,16.4,16.26,5.56,8.85,13.73,98.4,endocrinology
12.78,8.77,21.39,95.79,19.54,26.91,13.96,16.29,82.11,18.99,wound_care
18.13,8.96,6.75,94.14,13.17,75.14,25.6,27.73,7.76,15.19,emergency
15.8,19.62,12.35,99.36,13.38,22.59,20.66,75.67,18.1,23.95,vascular
22.66,11.06,6.29,13.46,81.58,10.96,10.44,25.6,9.75,97.26,blood_bank
16.17,27.61,84.42,21.61,23.86,6.02,24.5,93.26,16.77,20.9,pharmacy
10.39,25.98,94.36,82.37,23.1,5.51,5.78,12.66,21.01,11.0,oncology
18.63,15.59,95.42,78.57,12.15,12.02,21.09,17.83,5.69,6.12,oncology
20.03,7.38,17.39,19.96,17.86,17.57,23.95,95.59,72.97,16.78,pediatrics
23.11,11.48,98.81,13.38,20.16,84.07,12.75,24.65,27.5,14.66,infectious
26.56,15.19,24.26,10.78,27.2,25.63,97.59,86.71,19.29,5.33,ophthalmology
7.61,8.53,25.71,6.33,18.19,17.54,5.08,96.53,24.75,75.18,pulmonology
11.56,85.6,26.57,6.62,24.7,24.88,93.3,7.41,8.7,17.06,telemedicine
9.07,6.44,99.21,72.77,16.88,10.17,13.82,16.35,15.35,22.21,oncology
20.63,15.9,20.8,9.63,20.13,13.84,98.61,20.31,10.74,79.16,palliative
24.03,99.38,13.91,20.56,17.65,82.31,22.22,6.78,23.93,20.68,internal_med
15.61,7.9,25.84,27.57,92.51,73.25,18.01,17.28,18.54,12.29,orthopedics
23.03,99.34,25.11,16.55,26.53,7.85,85.56,24.7,19.25,26.39,sleep_med
81.69,10.02,7.94,15.2,8.82,93.67,24.0,18.72,10.59,11.3,home_health
96.42,23.87,20.85,84.09,8.77,17.57,19.16,22.12,17.52,7.91,rheumatology
95.47,78.59,5.82,16.45,17.75,17.85,21.26,9.08,10.8,23.65,dental
7.37,17.11,10.19,16.65,80.59,26.71,21.34,8.07,23.88,92.73,blood_bank
26.94,99.83,14.13,17.69,7.5,14.05,73.45,9.85,22.15,17.74,sleep_med
10.15,17.36,15.74,27.62,18.85,19.49,99.48,74.57,16.35,7.82,ophthalmology
21.24,5.63,10.92,78.3,8.68,20.34,22.0,20.26,26.01,98.77,maternal
16.26,9.44,18.13,5.05,17.38,98.9,7.01,75.44,26.01,25.86,urology
15.04,6.58,24.44,20.11,6.82,18.57,92.82,83.89,8.03,15.74,ophthalmology
96.01,23.6,20.93,87.57,12.21,17.73,25.62,8.6,26.05,24.86,rheumatology
16.18,9.42,8.02,97.38,7.91,10.08,5.03,85.84,21.23,17.54,vascular
19.56,11.42,23.62,80.97,22.8,20.62,13.97,19.74,24.51,92.42,maternal
10.89,7.11,93.08,14.55,82.78,19.42,14.97,17.72,8.27,13.33,anesthesiology
23.19,97.2,11.47,80.13,7.18,27.58,21.99,17.38,24.75,19.48,pathology
27.48,26.26,26.27,86.3,5.94,15.37,16.99,14.42,97.99,5.4,laboratory
25.83,94.29,16.49,76.82,17.27,9.05,20.17,8.26,18.38,16.41,pathology
13.27,98.83,85.73,25.75,5.13,11.86,8.08,15.44,16.4,10.89,cardiology
93.99,19.74,23.51,74.6,19.72,25.06,26.56,9.19,8.93,13.21,rheumatology
27.24,10.08,5.24,12.23,99.33,15.48,25.69,82.73,20.76,19.59,nutrition
10.23,94.75,23.64,84.23,12.0,6.35,24.17,18.35,9.89,6.24,pathology
99.98,16.11,80.72,19.99,24.88,15.33,12.71,5.01,7.5,17.5,radiology
13.93,12.58,25.24,95.8,27.05,21.0,10.87,5.16,85.45,20.12,wound_care
26.81,17.12,24.1,5.16,94.12,13.23,23.7,21.35,16.62,80.24,dialysis
7.1,15.77,8.84,21.57,94.68,22.73,85.79,17.9,5.98,16.56,surgery
18.24,72.7,20.72,26.89,17.99,9.88,99.13,7.27,18.85,13.79,telemedicine
15.72,20.07,12.51,17.83,99.87,15.23,21.0,26.5,81.78,24.97,thoracic
20.3,6.61,95.75,5.72,9.03,20.12,77.7,7.69,24.23,23.43,plastic_surgery
11.67,20.59,11.39,21.81,18.19,93.29,13.84,8.29,74.86,7.11,rehabilitation
14.81,15.43,27.78,92.03,17.76,72.95,21.58,23.02,24.72,8.81,emergency
27.43,17.45,26.57,16.2,95.84,19.31,24.56,81.44,20.2,19.11,nutrition
26.98,99.98,20.49,18.23,87.81,12.85,18.43,9.04,8.39,14.94,immunology
24.83,21.04,12.85,17.22,92.23,20.87,75.82,20.44,8.59,16.33,surgery
78.36,16.36,27.22,6.05,26.3,18.1,15.08,92.59,15.18,8.01,sports_med
13.45,20.14,7.43,23.95,25.44,14.19,16.65,92.2,21.36,72.94,pulmonology
10.29,76.79,8.15,6.7,21.52,6.3,5.44,8.77,93.62,11.53,occupational
5.38,14.49,19.31,77.89,26.45,13.46,21.02,13.17,22.17,99.36,maternal
21.31,7.08,97.72,81.83,12.61,20.76,19.85,18.79,9.21,11.81,oncology
17.7,17.64,26.84,17.21,20.09,99.65,21.73,13.7,24.87,76.2,transplant
17.01,25.43,17.64,27.86,18.47,95.83,25.62,25.6,21.16,77.08,transplant
11.87,76.22,17.42,11.72,5.06,5.65,27.74,19.89,96.69,8.75,occupational
14.44,19.67,23.83,19.51,8.92,12.45,99.71,77.79,24.09,8.23,ophthalmology
20.3,83.07,6.42,12.45,20.05,25.71,12.91,24.86,94.85,5.5,occupational
94.26,15.55,73.59,15.28,9.67,11.38,16.0,25.38,18.3,5.41,radiology
13.11,8.54,11.93,20.19,97.7,26.67,13.62,14.9,76.42,12.09,thoracic
22.62,9.76,21.31,5.6,9.11,94.59,22.04,14.03,84.39,26.15,rehabilitation
83.55,6.4,16.68,20.99,25.03,98.84,12.79,17.28,23.4,13.15,home_health
25.25,10.41,10.93,8.45,27.22,6.82,94.19,27.52,11.28,83.24,palliative
27.64,16.3,23.73,6.87,23.09,97.71,25.32,79.78,24.31,27.57,urology
14.92,22.14,10.32,15.97,12.66,18.92,9.71,92.38,11.73,79.1,pulmonology
25.04,7.17,23.46,26.62,26.86,20.58,25.83,99.71,84.39,13.35,pediatrics
17.49,9.44,26.03,93.83,20.23,87.13,17.01,15.61,24.28,13.59,emergency
27.42,12.66,11.72,92.49,24.53,24.92,84.13,13.07,11.67,16.39,genetics
27.59,22.04,21.95,18.47,21.9,20.3,19.56,98.87,23.7,79.94,pulmonology
10.25,19.66,26.4,8.1,15.1,94.38,79.68,15.08,18.29,5.98,dermatology
72.08,7.96,10.08,22.3,22.85,93.25,19.01,7.42,13.48,25.66,home_health
93.84,75.19,5.87,19.8,11.04,6.2,10.31,23.44,24.58,16.11,dental
16.81,14.91,82.63,6.53,16.84,11.27,15.27,9.67,94.23,13.5,neonatal
87.74,17.98,6.06,6.09,22.04,22.87,8.41,9.38,98.62,7.29,gastroenterology
7.86,7.3,95.66,15.66,26.98,5.39,83.27,6.77,7.31,18.23,plastic_surgery
17.2,25.72,20.41,24.01,24.62,95.9,86.53,21.65,7.51,10.73,dermatology
17.62,12.85,97.57,87.82,20.85,6.36,15.98,22.72,17.47,26.87,oncology
93.39,84.17,5.36,17.83,13.73,16.65,17.95,12.21,11.79,21.87,dental
11.69,77.2,5.94,23.92,24.05,26.3,9.15,11.92,12.55,97.04,endocrinology
6.46,6.7,11.46,7.65,95.46,13.92,13.8,26.91,17.14,87.74,dialysis
22.48,8.3,12.09,20.19,92.67,16.65,83.01,18.43,6.34,8.41,surgery
11.47,15.7,8.95,13.99,9.94,96.59,5.63,8.51,82.98,14.96,rehabilitation
9.49,10.89,8.94,21.28,24.88,10.6,99.27,20.37,87.94,7.41,nephrology
27.51,27.11,75.15,27.4,27.03,25.54,13.84,27.43,21.44,92.59,preventive
8.55,7.61,26.36,95.77,7.39,83.12,12.32,20.55,23.93,16.61,emergency
80.37,23.56,13.03,10.86,23.61,10.51,24.47,6.21,99.05,20.13,gastroenterology
96.17,87.62,7.89,5.39,22.71,23.56,7.76,11.11,5.4,11.75,dental
7.15,26.47,7.85,20.34,97.08,83.17,14.97,13.79,27.49,23.79,orthopedics
8.96,10.16,9.7,10.18,9.82,22.16,18.6,93.87,86.91,5.27,pediatrics
27.25,8.88,95.09,84.65,20.3,19.52,24.62,5.67,22.74,25.3,oncology
99.47,16.59,9.76,5.7,16.85,72.76,16.48,26.32,11.12,16.51,allergy
22.72,7.71,98.73,13.55,27.25,24.23,12.61,85.12,22.37,17.59,pain_mgmt
7.77,96.94,81.61,24.78,5.08,9.37,10.05,26.85,8.53,5.85,cardiology
78.5,11.81,7.2,8.12,27.03,11.1,8.97,25.45,95.68,16.23,gastroenterology
19.44,78.31,11.17,17.03,21.43,26.27,7.73,7.97,10.09,96.36,endocrinology
12.45,26.73,83.24,16.41,27.47,5.11,14.36,12.69,7.24,97.03,preventive
13.86,13.21,18.19,13.66,17.17,99.47,10.23,87.74,15.09,16.91,urology
81.94,14.05,9.03,27.48,17.17,17.06,23.75,98.84,14.7,15.04,sports_med
72.51,19.24,15.4,18.98,20.08,20.76,23.94,9.25,8.08,96.96,psychiatry
26.23,99.82,21.95,13.9,24.31,7.93,79.0,8.53,20.38,12.69,sleep_med
27.61,25.82,10.65,95.53,15.37,76.25,8.7,12.37,6.24,22.45,emergency
23.1,10.38,21.38,93.98,79.42,6.96,15.46,19.09,17.96,14.35,neurology
17.46,12.09,14.27,98.04,83.52,22.21,22.1,26.17,22.57,24.68,neurology
11.03,24.8,98.3,11.74,21.9,75.6,17.66,24.84,18.79,13.94,infectious
99.78,73.21,5.08,13.76,18.83,19.47,15.96,7.87,8.92,24.6,dental
11.59,14.56,10.07,12.54,10.51,22.86,10.57,98.29,75.97,6.44,pediatrics
80.35,22.54,7.87,17.13,27.5,15.27,10.39,13.19,8.08,99.17,psychiatry
24.29,6.37,86.98,16.9,18.79,21.26,19.57,13.04,92.02,20.11,neonatal
6.94,12.01,14.67,20.54,5.88,6.53,96.22,11.9,72.84,25.79,nephrology
93.33,21.94,84.55,14.01,24.62,6.49,9.32,17.35,21.09,27.63,radiology
96.69,25.75,27.8,86.01,17.31,26.03,23.91,17.89,17.82,26.27,rheumatology
13.65,22.39,19.49,11.99,16.06,13.22,94.45,18.92,12.87,84.2,palliative
21.7,25.53,27.65,12.84,96.03,78.46,6.78,14.31,15.21,8.99,orthopedics
7.99,5.82,13.55,99.73,17.77,27.17,16.27,14.82,81.06,17.96,wound_care
73.56,19.84,17.31,9.84,18.45,15.66,10.91,7.99,97.01,17.78,gastroenterology
9.94,98.26,5.77,14.13,8.84,14.84,78.98,16.57,19.34,15.61,sleep_med
23.79,23.44,11.24,94.34,25.51,27.85,13.19,86.05,6.84,11.63,vascular
22.8,27.32,7.63,20.82,6.03,9.64,10.7,92.31,25.4,74.53,pulmonology
97.55,26.62,23.6,80.27,25.23,14.01,10.99,25.5,21.35,12.85,rheumatology
24.08,77.01,19.31,10.56,11.8,16.89,6.33,20.15,23.33,96.71,endocrinology
99.0,9.51,16.05,8.16,24.05,79.66,13.52,24.92,23.78,16.81,allergy
6.38,24.78,13.23,16.89,15.25,99.6,75.04,19.42,24.06,14.86,dermatology
20.21,73.37,9.65,13.37,6.16,7.01,15.75,7.42,93.54,24.01,occupational
97.39,5.93,15.32,25.77,85.66,12.38,8.7,12.46,21.87,16.54,family_med
13.34,21.86,14.05,15.46,97.95,9.35,6.41,14.82,23.24,77.91,dialysis
11.4,21.71,92.28,5.24,23.47,72.97,27.56,25.42,10.54,26.89,infectious
85.64,5.99,15.73,18.44,23.55,18.97,12.27,97.23,26.81,9.81,sports_med
7.12,9.84,10.13,11.44,17.07,10.03,92.35,11.94,18.46,80.82,palliative
21.6,16.09,23.47,92.18,24.98,76.52,11.59,12.28,25.83,25.71,emergency
86.77,8.44,15.86,19.47,23.08,26.79,97.12,9.72,7.6,18.56,bariatric
18.33,24.05,95.4,21.88,21.68,17.96,87.25,26.1,26.05,12.7,plastic_surgery
18.99,95.85,10.37,14.5,73.9,23.5,14.37,8.49,19.91,10.81,immunology
20.38,21.35,27.71,86.84,24.12,12.28,18.74,21.25,95.05,8.85,laboratory
22.98,25.63,9.71,27.68,15.18,24.4,94.44,82.41,6.44,27.05,ophthalmology
12.35,27.06,23.46,5.11,93.42,24.7,18.27,10.79,86.59,24.86,thoracic
14.99,73.57,15.51,19.9,16.05,16.23,11.74,13.15,7.52,99.41,endocrinology
97.53,24.96,10.71,86.95,18.65,19.37,25.13,21.92,17.44,27.38,rheumatology
6.29,25.75,9.55,10.2,24.94,95.03,21.88,83.41,11.17,21.06,urology
15.7,73.25,22.35,15.35,14.45,5.32,26.48,19.11,95.33,16.38,occupational
25.7,19.65,77.26,26.73,19.99,17.85,16.47,98.73,25.39,26.23,pharmacy
17.27,92.67,9.68,80.3,6.06,24.63,23.62,8.23,18.1,8.0,pathology
6.24,15.17,5.85,26.54,25.84,15.78,11.01,23.57,97.59,85.78,geriatrics
10.6,82.15,16.03,27.08,9.17,14.36,22.77,10.67,92.58,6.21,occupational
5.33,15.9,5.98,5.78,83.18,8.87,10.88,22.11,7.23,98.34,blood_bank
24.69,20.59,96.29,6.64,85.29,7.03,5.81,16.96,23.98,5.07,anesthesiology
23.46,7.44,18.06,21.49,26.44,95.91,8.8,16.86,81.15,5.97,rehabilitation
10.14,21.82,73.28,6.09,17.35,27.99,10.41,13.42,19.11,98.67,preventive
18.25,23.37,16.13,17.74,17.22,95.45,23.5,85.49,7.55,10.64,urology
92.26,25.65,21.97,19.39,86.78,22.17,12.76,27.7,26.24,13.43,family_med
19.42,78.0,14.46,18.26,13.62,21.36,92.7,18.32,26.96,20.63,telemedicine
97.01,9.35,12.48,14.23,21.27,84.65,19.67,22.93,8.94,12.52,allergy
12.27,14.81,16.81,20.17,7.14,96.87,23.74,16.31,79.05,15.28,rehabilitation
17.8,7.15,19.71,17.39,5.65,23.34,95.96,22.26,86.4,18.36,nephrology
16.93,95.94,26.7,14.97,22.38,27.03,82.01,20.48,23.9,13.25,sleep_med
80.56,5.19,22.84,21.44,18.87,10.48,92.69,16.92,15.31,10.53,bariatric
18.22,21.94,6.54,99.39,12.35,19.39,23.01,75.03,6.79,14.35,vascular
25.66,16.19,9.97,18.16,99.89,16.87,15.5,14.64,20.22,76.17,dialysis
25.86,22.46,7.76,23.39,6.05,18.23,92.92,81.64,8.52,25.56,ophthalmology
10.07,12.05,21.39,6.93,94.42,81.91,27.9,26.29,24.14,16.52,orthopedics
26.67,72.39,19.81,10.17,22.68,17.27,97.06,27.76,16.97,11.97,telemedicine
5.62,11.46,21.18,15.41,26.24,14.32,95.67,84.42,6.97,26.26,ophthalmology
26.25,19.79,11.62,9.56,10.1,99.48,11.55,80.11,24.04,22.19,urology
86.34,8.21,6.88,8.06,7.88,6.64,95.91,7.62,8.72,21.41,bariatric
99.4,12.19,83.9,21.16,6.79,24.21,8.61,10.31,18.42,21.38,radiology
10.82,5.27,87.26,7.2,17.87,19.81,25.8,22.94,13.6,99.47,preventive
93.61,14.17,73.16,12.3,21.03,24.65,21.33,17.11,7.16,12.98,radiology
75.61,10.99,20.34,17.18,26.9,17.49,16.96,11.23,92.88,10.6,gastroenterology
14.9,15.04,18.19,25.66,93.14,80.92,5.42,21.06,19.73,20.96,orthopedics
11.39,5.42,27.48,78.9,12.73,19.01,24.57,22.49,9.39,94.45,maternal
27.69,14.18,79.87,7.94,11.19,26.15,5.98,15.36,96.02,9.59,neonatal
20.15,9.83,83.25,27.74,13.38,23.48,11.96,19.26,94.32,16.11,neonatal
11.35,8.21,5.9,17.17,87.04,21.05,18.88,20.9,27.05,96.41,blood_bank
12.7,86.77,22.66,19.1,11.18,22.82,93.45,15.88,21.38,10.4,telemedicine
24.07,16.45,22.87,9.4,95.83,16.62,82.18,20.17,20.56,7.71,surgery
5.9,6.29,10.53,22.82,14.07,23.16,8.44,99.22,24.66,87.35,pulmonology
17.09,10.08,8.07,23.72,13.33,11.88,17.41,26.51,94.51,72.13,geriatrics
20.18,27.09,22.35,9.96,96.83,7.31,20.92,72.71,19.36,5.92,nutrition
20.03,93.04,12.98,24.81,20.16,78.53,12.72,7.46,6.2,12.69,internal_med
27.34,25.82,11.32,5.86,12.45,7.36,15.07,96.52,72.96,27.49,pediatrics
7.87,7.16,22.49,27.64,22.44,6.66,92.39,27.26,13.38,78.4,palliative
5.82,26.2,26.62,24.56,94.24,73.96,18.63,11.47,9.64,19.75,orthopedics
23.58,17.54,5.64,7.89,96.41,21.43,85.62,13.04,8.76,9.41,surgery
17.52,20.22,20.8,19.65,93.2,14.58,16.67,20.47,87.59,14.7,thoracic
27.37,12.4,22.84,15.49,21.82,93.42,10.23,22.89,20.56,74.69,transplant
14.17,7.2,8.36,22.35,13.44,14.78,6.35,97.41,12.35,72.8,pulmonology
5.73,93.47,14.23,12.01,81.15,17.71,10.59,12.54,14.65,12.59,immunology
85.13,26.38,23.64,7.6,5.33,8.97,20.12,27.48,93.69,6.19,gastroenterology
9.93,18.86,20.21,87.98,18.14,14.77,26.95,10.61,99.05,18.19,laboratory
9.59,98.18,9.73,6.49,6.84,81.66,22.27,26.35,18.49,17.94,internal_med
78.8,23.99,6.37,22.26,24.03,13.74,26.15,22.24,95.73,15.35,gastroenterology
18.69,17.11,19.55,23.42,98.4,11.36,17.86,27.93,81.23,9.39,thoracic
21.2,20.53,12.18,16.0,95.74,73.99,19.28,11.08,15.58,6.65,orthopedics
9.57,27.22,14.81,99.35,7.59,7.26,16.57,19.58,73.95,10.73,wound_care
25.29,5.95,10.68,7.93,10.19,7.19,24.95,9.5,93.76,81.14,geriatrics
98.8,15.86,86.94,24.05,27.13,21.19,24.81,14.78,26.23,6.68,radiology
99.18,19.55,20.89,15.12,82.4,20.99,14.18,22.26,5.64,22.4,family_med
99.68,14.46,24.99,19.6,86.15,16.51,23.06,17.76,26.94,16.74,family_med
22.4,20.34,10.7,95.06,16.0,7.6,17.45,15.55,78.95,19.64,wound_care
10.16,22.09,11.21,94.54,20.66,26.18,6.71,80.51,19.59,9.19,vascular
8.88,22.37,9.97,78.87,10.42,9.01,25.97,10.9,24.55,92.48,maternal
23.6,11.41,19.3,9.38,27.6,12.46,23.98,97.58,5.91,87.9,pulmonology
21.12,96.58,26.82,14.84,78.23,23.83,15.91,25.83,8.56,15.66,immunology
72.88,19.72,21.93,18.15,9.02,97.72,8.37,10.01,18.0,7.11,home_health
24.59,81.57,17.83,11.12,10.96,16.29,7.25,98.88,13.45,5.14,fertility
14.77,25.12,16.57,22.53,93.59,11.14,75.86,12.5,27.13,24.96,surgery
23.64,84.69,9.71,27.53,9.65,6.07,26.83,10.3,22.7,93.68,endocrinology
22.28,15.02,77.81,20.83,10.12,14.95,16.69,16.76,98.19,20.88,neonatal
12.76,27.94,11.06,74.76,7.9,13.82,15.16,8.66,92.33,15.72,laboratory
24.9,16.84,96.07,11.43,83.72,6.7,16.61,18.47,10.53,23.13,anesthesiology
98.02,7.61,7.4,26.66,73.32,26.98,26.23,10.34,21.89,27.85,family_med
20.01,21.14,19.43,15.23,94.75,8.73,21.68,14.25,75.52,23.82,thoracic
25.76,9.18,8.34,22.86,7.66,94.17,77.61,11.59,21.89,9.55,dermatology
10.16,14.72,15.47,19.44,6.76,5.43,9.44,23.12,94.55,83.47,geriatrics
16.98,27.01,13.31,97.06,21.06,11.86,79.85,27.84,21.0,8.27,genetics
13.61,26.85,18.98,5.53,15.55,15.11,18.98,99.06,27.02,87.16,pulmonology
6.3,27.38,9.91,23.87,23.21,22.65,7.95,92.66,79.15,22.0,pediatrics
80.12,14.1,26.91,16.65,23.62,92.37,18.89,27.86,20.78,14.98,home_health
6.49,17.6,21.5,21.76,84.71,25.51,14.53,19.24,5.8,93.25,blood_bank
19.8,20.6,16.83,21.09,26.12,14.81,27.98,16.68,93.88,84.01,geriatrics
7.31,95.43,20.37,14.79,6.65,80.71,24.15,21.41,7.32,10.89,internal_med
9.35,25.4,23.63,24.71,20.14,7.12,94.95,8.58,76.69,13.53,nephrology
25.08,11.19,26.93,75.08,5.5,15.53,26.57,16.02,25.21,92.27,maternal
83.73,10.74,27.85,26.7,8.57,94.87,21.85,12.51,24.64,20.29,home_health
23.11,81.83,17.56,11.11,15.04,27.51,96.66,9.21,23.28,7.96,telemedicine
76.45,8.6,25.48,6.11,27.14,24.86,23.93,5.0,6.1,98.7,psychiatry
25.35,93.35,25.89,7.24,76.94,10.01,22.94,27.22,24.81,10.69,immunology
22.94,11.45,26.65,16.97,11.22,5.58,25.99,99.3,11.84,86.18,pulmonology
93.22,17.91,22.09,10.37,74.47,24.47,6.99,10.96,22.01,20.41,family_med
17.86,15.2,20.09,92.3,19.96,76.2,17.44,24.55,24.09,11.54,emergency
23.51,11.22,95.26,5.5,22.64,24.27,20.37,73.76,22.99,12.26,pain_mgmt
23.07,18.85,8.69,19.17,5.19,5.85,93.75,78.05,8.35,23.11,ophthalmology
95.04,77.77,14.01,23.25,12.46,16.54,19.35,10.34,21.53,17.58,dental
23.34,6.91,21.42,93.36,23.64,6.03,18.74,78.7,5.52,7.29,vascular
14.04,20.69,7.15,98.85,73.01,18.99,9.35,7.11,13.16,20.34,neurology
79.51,18.57,19.42,10.01,19.67,18.44,93.58,5.29,22.35,5.96,bariatric
21.93,26.84,18.91,11.32,92.17,12.16,7.54,17.66,79.19,10.2,thoracic
21.83,25.19,95.87,79.28,23.53,25.35,27.41,12.95,18.68,23.93,oncology
81.35,18.9,5.09,20.66,11.73,21.01,96.86,7.93,5.41,17.98,bariatric
6.69,26.89,21.1,5.33,18.18,17.44,17.39,93.07,27.61,87.82,pulmonology
22.46,13.64,26.05,27.06,98.97,75.63,10.84,23.26,15.26,11.85,orthopedics
23.22,11.15,27.41,98.96,73.03,23.66,23.04,10.09,20.39,27.32,neurology
22.69,80.95,24.67,23.19,25.48,19.93,7.42,10.24,96.65,9.92,occupational
10.03,23.95,99.73,9.53,10.8,73.62,21.06,9.39,10.83,9.99,infectious
78.39,22.93,7.33,19.57,13.07,11.36,99.55,9.74,16.23,23.48,bariatric
78.01,8.18,7.67,12.02,27.42,25.84,25.65,21.07,26.64,93.77,psychiatry
86.5,16.8,21.87,13.42,27.2,18.82,93.18,7.2,14.81,26.19,bariatric
14.33,15.27,15.42,7.12,8.75,95.47,78.05,8.28,19.92,7.71,dermatology
23.13,15.66,21.57,19.89,8.86,12.05,99.2,20.76,15.89,86.46,palliative
76.16,17.08,12.29,15.51,6.4,27.31,6.53,93.2,25.22,15.74,sports_med
95.82,6.83,6.92,12.6,73.23,8.3,18.78,6.51,11.86,20.98,family_med
17.94,15.18,96.75,80.03,12.31,8.3,10.81,9.62,21.27,23.86,oncology
20.32,21.4,8.81,99.31,12.69,23.04,10.35,78.45,11.45,22.17,vascular
98.19,81.63,25.53,15.2,18.96,19.52,18.61,21.16,10.46,16.78,dental
19.1,83.11,18.22,14.16,6.0,19.79,21.08,19.24,17.35,96.65,endocrinology
14.81,85.14,9.61,16.07,13.31,18.24,15.77,96.92,23.31,19.77,fertility
14.76,8.31,25.62,10.79,13.02,93.67,78.27,19.06,9.76,13.26,dermatology
21.23,20.03,12.34,7.47,93.61,19.34,7.81,22.64,14.85,80.19,dialysis
13.92,23.63,92.76,26.27,17.37,25.01,5.87,83.27,13.34,20.49,pain_mgmt
27.25,9.87,25.39,28.0,5.03,94.31,87.7,25.66,7.22,10.91,dermatology
24.14,97.21,24.2,19.16,10.49,74.44,27.15,24.95,27.21,25.89,internal_med
82.6,16.63,12.05,14.76,16.11,10.11,16.52,27.14,22.3,98.6,psychiatry
11.14,12.7,80.1,8.76,8.65,14.75,11.48,21.13,17.6,92.84,preventive
21.54,14.68,10.23,18.08,10.34,97.39,12.33,74.05,8.72,5.83,urology
6.79,18.87,7.73,18.4,5.04,16.67,11.64,96.84,24.18,78.11,pulmonology
8.34,20.1,15.71,21.17,8.35,92.79,18.21,13.0,13.48,85.47,transplant
22.33,22.82,20.56,24.84,95.22,27.63,7.62,19.83,74.99,23.48,thoracic
24.13,9.89,97.73,7.32,10.35,86.66,11.24,17.91,12.73,9.25,infectious
27.79,78.44,6.72,12.9,8.17,13.69,15.49,23.53,26.77,93.23,endocrinology
12.98,20.04,11.77,23.59,11.8,98.84,22.1,6.85,10.69,82.25,transplant
7.88,23.61,6.54,7.74,21.24,92.02,6.11,22.17,74.88,22.14,rehabilitation
13.47,23.77,12.96,9.69,95.09,10.45,7.98,77.41,21.04,8.15,nutrition
20.6,16.99,6.44,93.59,21.48,27.53,6.79,18.21,82.81,16.45,wound_care
92.73,20.75,20.13,25.15,75.21,16.18,13.65,23.93,17.25,7.73,family_med
92.97,23.73,18.34,16.38,85.84,17.0,5.31,12.37,21.57,20.73,family_med
94.99,76.33,19.81,14.4,5.58,8.59,21.47,20.16,5.62,10.11,dental
17.74,26.01,84.55,6.29,25.95,6.67,17.45,12.6,93.78,16.72,neonatal
11.75,6.64,27.77,14.54,16.65,94.61,6.45,19.65,75.25,12.85,rehabilitation
14.02,95.03,22.87,18.53,11.86,19.25,84.14,12.88,11.8,22.48,sleep_med
24.42,92.67,21.24,22.35,82.09,21.99,19.11,7.11,27.4,12.82,immunology
25.23,19.9,75.23,27.79,16.48,26.53,21.84,98.23,20.18,11.11,pharmacy
18.69,5.53,27.07,14.24,92.77,14.84,22.3,7.77,6.85,81.27,dialysis
25.1,95.77,19.59,21.87,9.74,73.46,25.16,10.26,14.5,7.46,internal_med
13.64,10.45,8.88,20.03,11.66,98.57,11.71,85.57,9.18,18.69,urology
9.38,8.47,15.68,24.46,7.25,95.99,10.96,18.74,77.45,14.62,rehabilitation
9.62,73.47,12.02,27.64,7.28,21.1,21.94,94.59,18.96,9.99,fertility
10.37,16.66,15.81,6.39,9.39,24.09,94.21,72.1,23.96,26.9,ophthalmology
75.77,26.8,17.91,21.94,24.08,7.46,17.83,9.08,97.41,20.56,gastroenterology
26.86,18.58,14.87,11.49,94.25,76.21,9.81,6.53,22.41,12.25,orthopedics
87.97,10.06,23.7,12.61,16.49,6.16,9.32,11.45,8.98,92.86,psychiatry
9.37,79.7,27.64,13.9,26.96,18.81,93.21,17.47,7.5,5.39,telemedicine
73.04,13.23,17.66,5.31,14.19,92.39,25.14,26.49,27.54,15.95,home_health
15.86,20.6,8.23,22.92,14.86,21.37,94.03,78.99,15.96,11.8,ophthalmology
15.41,5.2,74.05,5.85,24.93,10.13,22.06,94.13,17.07,10.66,pharmacy
15.32,6.66,13.4,7.69,27.94,24.38,95.62,15.37,74.97,8.54,nephrology
99.55,81.43,12.92,19.39,25.94,11.3,16.62,27.05,8.97,21.55,dental
99.73,7.59,86.09,11.91,13.77,25.02,18.35,18.33,14.45,6.24,radiology
22.65,17.83,7.14,72.56,6.97,5.3,10.59,11.66,21.46,95.56,maternal
99.69,5.54,12.18,78.4,7.73,5.46,20.17,9.69,15.3,13.07,rheumatology
22.87,26.33,10.73,14.67,19.22,95.28,11.54,18.69,78.66,18.68,rehabilitation
17.01,15.31,99.41,16.4,10.48,21.61,75.91,26.35,21.7,24.14,plastic_surgery
17.13,8.43,18.17,14.51,79.16,12.54,23.04,6.26,22.46,95.27,blood_bank
15.95,93.9,27.44,24.48,10.75,5.06,78.6,7.2,25.29,26.72,sleep_med
26.66,8.73,6.81,17.43,23.51,6.41,5.52,92.45,6.17,79.91,pulmonology
7.51,8.58,79.38,19.48,22.08,7.83,22.84,21.02,96.44,24.4,neonatal
97.83,87.24,24.2,25.77,23.73,15.56,10.79,13.52,5.47,17.05,dental
11.22,24.67,23.6,77.84,10.72,27.0,23.81,13.54,97.28,8.78,laboratory
9.93,14.72,95.98,83.92,8.22,18.15,20.23,13.8,17.63,21.35,oncology
21.29,73.36,22.59,17.94,8.79,27.8,7.46,15.68,93.93,10.96,occupational
23.28,24.89,15.73,95.79,84.88,13.91,16.06,17.16,18.96,19.95,neurology
25.13,15.9,7.45,99.62,11.17,9.51,22.45,26.68,86.01,12.66,wound_care
25.85,21.19,15.17,10.91,7.9,27.4,27.9,17.22,92.02,75.09,geriatrics
17.22,5.16,14.99,6.8,13.12,18.32,92.98,11.54,8.8,80.87,palliative
27.42,12.51,26.1,12.29,17.75,92.0,76.23,6.21,5.69,27.9,dermatology
24.41,19.94,12.87,83.07,24.44,5.97,14.72,23.68,97.99,10.26,laboratory
6.61,13.34,6.98,8.66,15.19,98.43,17.3,22.82,72.0,14.86,rehabilitation
12.27,15.59,13.61,26.93,15.7,13.17,96.24,17.34,75.39,11.51,nephrology
21.35,95.49,18.33,5.52,21.71,8.91,73.26,19.14,16.22,9.47,sleep_med
79.12,21.7,12.54,24.21,5.92,10.69,22.42,13.97,92.26,5.75,gastroenterology
12.01,14.29,6.61,98.23,15.8,17.52,21.66,85.82,27.75,21.07,vascular
17.65,5.03,74.41,19.9,9.1,12.63,23.78,99.41,18.54,18.09,pharmacy
25.99,11.66,99.04,7.23,25.94,19.57,9.38,78.53,8.9,5.17,pain_mgmt
21.04,95.68,12.99,27.43,6.42,74.8,12.07,25.76,10.43,6.61,internal_med
7.48,14.45,95.92,13.51,9.77,26.51,72.5,24.23,24.61,14.84,plastic_surgery
96.78,15.25,14.95,79.54,26.87,19.49,17.47,23.62,20.86,22.95,rheumatology
9.88,25.72,10.5,12.64,7.89,9.06,21.21,8.38,99.9,87.09,geriatrics
74.36,8.82,10.78,7.83,14.92,19.4,8.8,98.22,24.12,7.4,sports_med
24.12,20.0,19.06,13.76,94.02,27.56,73.9,24.81,7.4,24.56,surgery
6.54,99.26,17.88,76.42,15.66,19.71,22.78,5.95,9.74,6.54,pathology
10.12,13.33,8.82,92.4,76.38,23.86,11.15,21.02,17.1,16.95,neurology
14.81,27.26,77.81,15.36,15.32,25.84,19.19,93.47,24.42,7.2,pharmacy
11.69,92.53,10.16,22.07,19.33,86.36,8.36,23.53,11.97,27.81,internal_med
11.12,22.63,14.0,17.71,24.76,96.61,9.56,23.95,72.53,15.59,rehabilitation
84.49,19.15,15.06,26.9,27.38,5.41,15.09,93.38,7.71,7.58,sports_med
25.06,5.6,27.73,12.94,86.53,6.96,13.88,8.13,6.37,95.94,blood_bank
14.02,20.59,15.87,22.98,5.14,18.99,98.77,82.9,18.06,10.14,ophthalmology
12.15,8.34,8.55,22.77,8.79,6.03,98.83,86.94,27.68,13.41,ophthalmology
16.69,9.49,16.2,18.55,11.07,9.7,27.0,93.49,7.47,83.31,pulmonology
22.76,73.56,7.23,17.29,25.75,7.89,96.78,25.61,22.71,22.98,telemedicine
21.26,96.63,87.78,28.0,25.0,22.48,13.89,22.33,27.0,5.54,cardiology
6.75,83.05,17.36,18.08,8.4,26.69,14.51,96.88,7.06,15.79,fertility
22.74,8.83,93.92,20.66,26.7,25.89,17.0,83.82,25.3,12.3,pain_mgmt
6.72,20.5,6.29,26.38,78.51,15.69,7.89,24.73,26.54,92.45,blood_bank
7.64,75.38,14.65,27.46,16.58,20.15,27.69,13.82,98.27,13.97,occupational
24.89,11.21,11.08,97.02,15.1,16.44,6.66,18.08,75.78,7.33,wound_care
23.14,19.68,26.74,18.02,25.35,27.11,93.31,82.83,20.09,25.0,ophthalmology
10.76,19.76,12.51,12.34,27.09,9.99,7.85,99.25,82.14,19.81,pediatrics
7.29,9.74,19.48,98.81,5.05,73.66,17.44,21.47,16.24,27.81,emergency
16.68,14.71,23.67,80.33,20.09,21.03,7.22,11.95,92.43,11.73,laboratory
11.64,17.99,19.72,97.42,17.58,22.82,74.0,15.84,20.59,24.9,genetics
11.92,14.16,13.9,9.7,92.08,10.81,27.47,79.1,13.38,13.93,nutrition
97.45,77.42,18.14,15.29,20.16,6.16,16.35,11.81,12.5,27.1,dental
17.44,94.35,76.42,25.0,8.34,16.4,26.91,19.38,21.5,14.92,cardiology
27.91,99.44,19.62,20.68,15.41,23.79,84.53,6.48,10.93,7.37,sleep_med
15.53,8.5,98.15,20.93,16.16,81.82,10.04,26.12,14.04,6.36,infectious
12.42,7.28,5.73,96.69,83.24,13.69,17.16,11.42,13.38,21.79,neurology
7.4,17.7,21.94,97.13,24.49,14.77,14.72,18.29,82.6,17.65,wound_care
73.92,13.13,25.6,27.34,21.44,7.83,10.01,11.11,94.44,18.12,gastroenterology
86.05,19.03,27.39,13.61,5.64,21.9,16.78,20.63,26.68,94.01,psychiatry
16.34,22.72,25.18,8.82,18.28,93.54,22.88,22.74,7.3,73.16,transplant
7.11,13.19,21.33,74.95,11.54,20.67,25.6,15.39,11.12,97.53,maternal
8.46,5.29,87.03,24.24,14.39,24.02,6.39,93.66,8.26,26.81,pharmacy
8.38,23.22,12.07,24.0,8.22,11.2,99.09,26.63,26.86,75.27,palliative
24.87,19.78,19.22,18.94,94.01,14.24,23.37,22.06,24.82,74.61,dialysis
6.47,10.69,86.73,15.3,22.13,22.02,16.82,17.15,23.78,94.16,preventive
76.87,9.87,27.93,14.27,19.61,21.89,26.08,21.41,25.35,94.52,psychiatry
7.97,22.03,21.97,8.35,92.12,9.26,8.43,74.81,27.17,8.78,nutrition
95.42,87.71,23.03,25.64,15.09,10.38,14.47,21.47,7.52,11.22,dental
82.02,27.99,18.18,18.13,23.09,8.3,5.45,20.96,99.75,10.21,gastroenterology
95.21,7.1,73.2,11.6,16.96,19.05,17.98,27.16,10.2,15.25,radiology
18.81,12.45,10.62,12.87,92.59,8.15,8.44,16.21,10.57,76.33,dialysis
19.94,74.26,9.11,17.14,19.23,21.59,94.75,12.92,25.06,26.47,telemedicine
5.12,12.08,7.34,12.99,96.49,11.55,20.72,20.08,87.85,20.55,thoracic
10.86,9.95,15.65,93.54,22.12,72.16,11.12,6.56,12.74,5.2,emergency
5.45,84.42,11.22,22.78,14.91,20.79,14.64,27.64,20.44,98.76,endocrinology
10.22,76.98,9.08,26.03,26.01,19.71,11.29,96.6,8.01,27.47,fertility
13.34,13.28,8.15,24.82,25.39,19.61,99.63,8.18,14.83,81.82,palliative
19.02,26.33,26.21,20.53,96.82,8.85,24.19,75.59,13.97,13.31,nutrition
22.28,74.07,26.71,5.44,14.31,25.5,20.52,94.8,12.04,10.25,fertility
18.67,13.41,98.38,6.44,74.02,8.91,16.76,15.42,12.33,9.14,anesthesiology
17.81,20.81,7.56,94.23,27.19,86.61,9.37,5.55,18.3,22.48,emergency
77.36,13.85,19.83,8.4,6.0,15.8,14.34,23.92,6.09,92.46,psychiatry
13.52,99.49,12.91,78.19,9.02,26.33,27.71,10.05,19.47,26.73,pathology
14.32,16.61,21.8,8.45,21.8,98.12,27.21,27.51,78.06,11.78,rehabilitation
24.74,8.86,82.76,9.21,13.01,5.77,21.24,9.46,8.67,94.98,preventive
18.82,93.72,10.52,10.36,72.21,9.5,27.09,26.07,6.36,9.2,immunology
5.23,98.44,80.28,20.76,26.04,17.45,16.57,11.69,12.02,23.32,cardiology
21.02,15.69,73.82,24.28,6.38,13.93,9.17,15.31,97.86,8.75,neonatal
24.73,9.97,11.72,83.37,23.18,10.34,19.92,23.78,98.12,7.56,laboratory
23.05,20.57,87.41,14.18,16.96,14.53,26.46,6.95,98.98,18.43,neonatal
5.14,5.86,26.13,24.85,11.4,94.67,17.25,81.89,6.13,5.19,urology
6.43,16.84,20.1,24.73,18.21,98.64,7.18,74.78,25.48,16.36,urology
9.99,13.39,25.36,23.96,10.5,16.34,21.9,94.46,83.24,7.21,pediatrics
13.0,5.91,92.22,13.8,26.4,12.25,21.05,82.07,20.14,18.64,pain_mgmt
18.92,10.81,20.11,23.56,12.69,6.24,27.73,94.91,85.52,9.53,pediatrics
26.38,20.54,77.07,26.88,27.52,15.24,9.33,5.28,92.42,17.34,neonatal
26.27,74.35,26.36,23.18,19.23,18.53,17.1,14.67,95.33,17.2,occupational
77.24,26.32,5.28,15.15,18.21,19.5,16.33,19.62,15.35,95.67,psychiatry
15.73,96.76,9.2,78.07,26.36,15.77,18.66,8.72,19.62,21.05,pathology
14.89,18.61,8.5,96.12,79.74,24.24,11.96,15.34,13.94,19.54,neurology
95.28,27.86,25.53,16.82,17.3,87.97,23.62,7.19,16.43,11.81,allergy
11.39,24.03,9.82,22.45,22.0,6.47,98.09,23.31,22.72,87.61,palliative
98.56,76.41,13.07,9.99,18.47,13.01,20.12,5.36,6.48,7.29,dental
82.82,17.89,20.38,25.09,22.28,14.03,19.8,27.9,92.04,7.15,gastroenterology
27.74,10.5,94.46,10.89,8.56,13.54,84.3,13.56,12.34,5.42,plastic_surgery
20.33,23.14,27.23,74.03,6.38,12.01,20.33,22.24,12.29,99.51,maternal
27.81,92.07,15.05,82.29,16.22,20.49,17.6,6.49,16.38,13.26,pathology
23.04,12.91,9.92,22.99,17.06,95.49,5.64,86.27,23.41,12.77,urology
8.08,9.26,77.8,7.57,20.16,23.3,25.5,10.23,21.41,95.29,preventive
97.86,21.78,74.56,18.26,23.07,22.57,15.26,6.27,17.85,19.13,radiology
27.26,12.76,80.53,9.88,8.61,21.5,19.84,93.54,15.05,17.84,pharmacy
94.74,78.57,21.57,16.77,26.7,5.96,16.57,18.44,26.16,6.13,dental
99.61,25.88,26.33,82.0,9.42,22.99,16.9,5.99,24.85,23.21,rheumatology
22.75,5.14,18.31,8.06,19.21,22.25,15.13,97.4,87.47,26.92,pediatrics
10.77,20.1,92.48,23.56,10.7,85.73,14.62,11.15,24.38,21.76,infectious
11.81,9.22,21.16,10.08,14.55,19.9,95.56,7.98,76.49,25.03,nephrology
12.46,8.26,25.53,83.28,21.83,7.31,8.35,17.34,12.49,96.23,maternal
19.74,92.72,79.35,27.85,21.48,17.58,17.26,6.01,27.02,26.35,cardiology
25.67,94.08,82.06,5.97,13.89,11.74,10.26,19.83,8.0,24.8,cardiology
77.28,10.77,14.03,24.46,20.43,18.59,15.96,24.44,95.66,23.51,gastroenterology
7.83,19.72,95.89,6.91,74.6,22.7,25.18,27.12,12.5,26.58,anesthesiology
18.13,93.95,10.73,82.51,11.32,7.59,5.27,18.92,17.08,9.51,pathology
98.94,10.16,15.35,14.75,17.79,79.21,14.77,11.48,19.79,17.02,allergy
9.48,80.08,7.45,12.86,14.56,25.38,10.23,23.3,94.06,14.47,occupational
92.75,72.73,7.57,9.3,16.6,24.53,10.42,26.51,26.96,27.05,dental
15.95,26.97,76.78,8.12,17.75,10.12,27.58,97.2,21.06,13.37,pharmacy
24.73,9.72,10.72,6.95,5.93,25.41,99.32,6.66,72.55,22.04,nephrology
20.01,10.44,7.99,97.0,15.23,22.48,11.95,21.54,77.83,15.93,wound_care
7.69,13.51,11.51,72.13,20.38,22.41,17.77,6.5,24.25,96.68,maternal
7.1,98.09,9.62,6.76,8.0,79.96,21.51,18.06,15.02,26.25,internal_med
72.62,26.36,26.43,12.84,18.42,25.12,9.21,20.39,94.15,8.01,gastroenterology
98.85,74.68,11.11,15.24,21.38,13.65,26.34,7.17,13.53,21.31,dental
25.58,20.71,95.11,72.92,21.59,13.12,6.62,19.08,12.43,12.78,oncology
7.99,26.76,17.75,74.09,26.72,7.31,22.77,17.99,94.22,22.91,laboratory
6.51,13.62,21.07,97.59,18.79,13.73,25.7,11.63,72.48,8.61,wound_care
13.27,18.75,11.64,94.79,17.84,9.24,19.68,9.64,77.48,20.25,wound_care
13.32,21.89,92.47,17.93,6.4,27.11,14.62,75.38,20.32,13.09,pain_mgmt
20.78,22.31,75.25,19.24,25.27,12.71,5.38,6.95,8.67,94.7,preventive
72.57,24.91,16.35,13.02,18.83,27.66,10.37,22.9,8.16,98.81,psychiatry
17.15,94.11,87.77,6.27,13.25,11.85,13.89,26.11,13.46,26.09,cardiology
84.99,7.84,13.52,6.97,22.64,22.34,92.48,11.75,5.76,9.26,bariatric
77.3,12.41,14.46,19.0,7.93,7.99,11.21,21.82,98.4,8.75,gastroenterology
17.95,15.92,27.33,6.53,19.33,92.2,79.18,12.46,15.0,25.77,dermatology
26.2,75.81,24.03,8.48,20.56,14.58,98.06,17.44,20.99,6.38,telemedicine
26.79,16.27,24.71,13.04,10.72,8.28,96.99,5.51,74.04,23.49,nephrology
19.96,76.38,18.09,24.31,23.06,7.35,99.55,19.92,19.18,22.15,telemedicine
27.8,6.06,82.05,10.36,8.26,5.43,22.23,13.56,27.29,99.49,preventive
93.49,16.87,17.14,22.45,85.96,18.99,13.73,5.7,11.68,7.18,family_med
10.81,15.77,10.37,8.72,94.78,14.13,11.81,84.01,13.36,24.69,nutrition
23.46,11.36,21.18,23.62,16.87,96.01,79.06,9.78,24.17,16.55,dermatology
99.68,83.01,13.38,26.59,20.24,24.42,22.61,13.72,16.01,9.28,dental
92.72,26.66,5.52,10.63,17.23,86.6,26.48,9.33,23.86,21.27,allergy
17.95,27.86,92.55,85.88,14.84,15.47,7.93,5.77,12.28,9.02,oncology
21.78,10.99,5.48,96.49,12.66,77.58,8.23,16.67,19.82,18.25,emergency
19.2,5.26,23.78,99.23,21.12,20.77,6.86,9.01,75.84,15.28,wound_care
13.36,93.94,11.94,8.89,13.2,19.57,81.17,5.5,14.72,26.92,sleep_med
99.47,5.52,9.91,19.46,6.87,75.6,11.01,24.23,23.21,22.96,allergy
22.85,18.3,11.04,26.7,97.01,9.43,9.07,85.37,14.77,20.52,nutrition
15.55,19.54,18.49,7.23,8.54,24.18,7.89,11.85,96.82,86.67,geriatrics
27.86,8.1,27.08,6.4,13.81,19.02,16.32,15.07,96.24,76.09,geriatrics
6.16,24.86,97.06,5.19,24.97,15.45,24.1,76.67,25.31,12.36,pain_mgmt
97.39,15.12,18.43,19.01,75.68,13.68,21.34,9.54,12.54,8.97,family_med
11.15,10.65,9.37,12.48,94.03,5.97,16.64,81.71,25.16,11.04,nutrition
8.8,26.82,12.67,13.2,11.55,95.58,23.32,22.18,10.95,74.97,transplant
27.76,21.28,19.47,75.63,10.62,6.36,16.78,12.95,98.14,16.19,laboratory
22.08,23.4,17.19,8.13,11.51,7.29,98.33,21.11,25.05,79.96,palliative
27.61,5.26,20.19,77.46,13.22,10.25,25.46,6.95,93.0,19.55,laboratory
10.72,17.95,19.27,22.87,92.33,74.79,22.88,17.23,23.54,15.32,orthopedics
6.49,25.35,20.49,96.43,72.99,20.83,18.75,21.7,21.48,15.21,neurology
93.78,27.29,16.82,12.25,21.0,86.35,27.16,9.02,19.34,9.62,allergy
93.94,23.99,8.02,73.34,21.73,7.65,20.41,19.95,23.14,28.0,rheumatology
21.39,21.36,21.21,23.48,97.53,17.14,24.76,19.74,72.8,13.96,thoracic
21.19,73.44,17.42,6.64,14.82,24.22,6.76,20.12,94.11,15.9,occupational
26.38,8.92,17.89,7.45,20.8,25.95,94.14,18.79,27.43,73.68,palliative
13.82,24.1,26.55,21.75,93.5,22.91,17.58,12.41,19.85,83.52,dialysis
27.79,21.48,9.19,92.87,24.62,74.55,5.48,23.11,12.49,8.8,emergency
12.37,93.92,10.11,20.96,6.76,77.43,15.52,10.35,10.75,20.11,internal_med
16.29,27.64,26.0,94.43,10.88,27.85,75.42,19.93,16.41,22.14,genetics
92.22,16.78,14.1,75.76,20.93,17.65,21.07,17.58,12.47,10.8,rheumatology
25.16,26.93,9.25,19.21,27.57,19.42,99.54,79.02,23.19,6.94,ophthalmology
24.18,16.32,80.48,14.0,7.92,20.44,18.6,99.16,8.88,7.93,pharmacy
72.78,22.82,23.41,7.45,8.52,11.95,8.66,8.7,11.51,96.63,psychiatry
97.04,85.53,11.83,13.15,25.84,25.72,27.46,25.74,7.93,23.95,dental
22.76,6.18,98.39,80.38,15.34,7.57,22.06,8.02,9.42,7.91,oncology
11.45,26.77,19.42,15.15,6.11,24.84,21.13,97.27,22.45,80.08,pulmonology
20.66,17.76,16.01,83.45,26.61,18.6,20.42,20.99,98.91,11.29,laboratory
22.73,98.51,80.29,25.97,12.5,8.6,21.3,17.41,24.66,6.87,cardiology
93.24,82.4,6.93,9.17,15.94,20.03,8.35,9.26,9.7,10.49,dental
20.14,13.77,10.9,10.09,14.12,6.69,16.13,96.7,14.54,85.57,pulmonology
27.31,26.83,16.2,19.56,12.36,20.42,95.35,21.21,77.54,14.21,nephrology
83.43,21.82,17.65,15.66,26.3,7.85,17.14,93.52,14.36,22.55,sports_med
26.58,93.42,12.01,76.57,7.89,7.53,26.51,7.9,27.78,9.19,pathology
73.99,27.3,21.61,8.33,23.3,27.61,98.15,21.68,25.6,13.24,bariatric
11.65,24.27,95.55,10.68,80.09,14.5,15.24,23.97,8.69,24.3,anesthesiology
9.44,20.85,97.7,16.39,18.21,16.57,77.03,14.67,22.51,26.26,plastic_surgery
20.76,8.66,9.61,7.61,21.75,26.59,11.66,96.04,79.94,5.16,pediatrics
96.09,13.98,8.51,6.75,82.11,15.15,21.52,20.07,27.77,20.62,family_med
5.21,17.56,27.67,17.38,18.9,97.24,15.81,11.38,81.04,9.78,rehabilitation
6.84,5.95,9.45,15.73,10.45,94.9,14.04,87.36,8.0,6.08,urology
93.3,87.36,24.59,24.87,14.36,22.53,8.31,5.2,5.46,18.49,dental
85.55,5.69,6.28,19.03,18.75,23.59,21.03,27.36,96.39,18.1,gastroenterology
92.12,9.71,81.6,27.96,6.96,9.85,16.93,6.73,25.66,27.87,radiology
14.47,84.71,9.84,19.21,25.78,18.28,27.06,10.61,23.81,96.54,endocrinology
13.41,5.88,27.65,23.94,13.12,13.84,94.96,82.52,13.01,9.89,ophthalmology
94.39,27.93,21.54,85.06,20.86,14.63,12.99,16.05,11.46,15.8,rheumatology
23.69,6.12,6.18,23.96,95.15,22.04,11.18,19.18,84.03,5.5,thoracic
14.72,97.56,26.83,7.0,82.91,25.66,16.02,19.43,9.26,15.97,immunology
10.74,24.03,96.7,81.38,5.01,15.86,11.11,12.73,18.77,25.11,oncology
18.78,92.37,11.98,20.04,27.11,26.86,73.58,6.82,13.97,25.75,sleep_med
94.46,10.54,18.49,82.4,7.65,7.62,5.61,16.22,21.79,22.1,rheumatology
12.82,19.83,98.63,13.48,19.92,15.16,77.12,21.85,27.88,14.07,plastic_surgery
24.28,24.47,27.03,23.21,97.23,20.84,7.15,11.31,5.68,72.51,dialysis
97.95,81.91,23.47,14.93,23.07,15.64,26.64,16.19,15.64,23.06,dental
97.42,15.68,26.43,76.14,25.28,8.99,20.74,16.43,26.39,14.18,rheumatology
26.93,12.11,10.19,83.36,13.59,11.66,22.81,12.73,22.85,98.83,maternal
27.59,19.94,8.58,7.96,15.31,12.79,14.65,98.63,12.26,75.2,pulmonology
24.14,7.7,20.43,96.25,19.1,18.21,11.89,86.83,22.17,22.07,vascular
14.48,20.49,99.01,8.53,24.52,20.11,86.3,7.53,24.2,10.94,plastic_surgery
74.53,11.33,11.92,25.2,10.22,21.9,14.72,21.15,24.11,95.25,psychiatry
26.81,16.26,11.22,6.78,23.15,23.23,95.43,16.28,84.59,8.54,nephrology
6.82,16.43,15.3,7.18,13.41,9.78,92.35,72.35,11.41,7.11,ophthalmology
23.54,20.79,75.04,8.51,13.3,27.39,5.84,95.42,6.8,22.1,pharmacy
9.88,16.14,11.81,25.34,14.17,5.13,25.55,5.67,96.83,72.51,geriatrics
6.0,98.23,24.07,80.6,22.59,10.07,16.53,7.98,27.04,5.44,pathology
94.03,12.62,16.3,21.53,78.42,14.39,14.69,20.9,19.74,8.49,family_med
6.47,12.32,10.26,20.69,97.13,24.44,11.96,21.7,73.78,22.21,thoracic
8.62,22.27,27.96,77.14,7.04,12.78,9.52,27.49,98.67,27.97,laboratory
15.2,9.42,11.96,19.42,6.74,11.5,16.89,99.2,7.82,82.87,pulmonology
22.97,15.24,9.44,26.28,9.71,26.68,98.6,8.89,80.37,6.08,nephrology
21.92,19.14,26.64,17.42,13.36,20.99,10.61,96.18,86.31,15.13,pediatrics
5.06,97.21,25.41,73.15,23.06,12.61,11.71,6.39,12.73,27.55,pathology
7.58,12.77,19.79,7.86,13.8,26.86,9.39,95.98,72.79,19.72,pediatrics
13.09,9.57,6.5,26.23,14.23,99.56,77.62,26.69,23.62,12.52,dermatology
15.12,20.72,8.66,19.5,94.88,26.5,80.88,21.56,25.49,17.32,surgery
19.04,17.34,95.87,17.87,86.94,13.76,19.86,24.61,26.62,12.09,anesthesiology
92.4,85.5,27.57,23.24,24.64,10.57,27.09,9.53,26.88,27.88,dental
10.02,8.99,80.08,7.33,8.59,11.07,7.9,17.81,95.64,12.06,neonatal
9.77,13.79,25.01,97.92,74.6,13.88,27.39,17.08,21.54,7.12,neurology
93.52,6.12,26.85,25.75,77.62,5.85,12.87,15.84,24.91,24.21,family_med
16.11,18.61,75.33,13.9,12.38,27.36,10.82,18.21,96.42,22.82,neonatal
13.83,20.27,8.18,26.63,18.25,18.72,7.92,92.14,82.29,9.93,pediatrics
10.5,9.06,18.16,96.44,13.63,22.84,82.67,18.4,15.64,23.06,genetics
24.43,7.66,17.94,5.07,94.3,22.83,77.56,24.63,27.13,22.34,surgery
19.73,8.09,26.54,12.7,20.3,94.88,86.16,7.54,25.73,19.39,dermatology
23.14,6.92,22.19,25.9,6.1,13.44,97.54,12.9,11.95,82.3,palliative
11.31,86.3,8.94,19.08,19.42,10.51,5.84,95.81,18.94,15.63,fertility
97.4,13.94,74.1,5.96,12.36,18.77,16.79,18.06,15.24,8.67,radiology
24.38,6.05,7.67,17.02,6.2,12.15,17.25,94.38,16.13,79.78,pulmonology
10.95,17.0,84.88,5.39,13.92,22.13,13.04,10.34,21.92,92.83,preventive
5.31,73.39,25.51,25.25,13.72,11.04,17.34,15.08,11.81,95.53,endocrinology
22.36,7.09,15.31,10.16,7.71,98.92,10.15,75.6,20.46,6.46,urology
21.38,10.0,14.37,99.76,12.91,18.88,80.07,19.95,7.29,7.87,genetics
27.69,11.25,14.07,21.05,21.97,92.5,6.66,81.44,7.76,23.02,urology
95.21,73.13,22.65,6.64,26.21,6.17,16.02,21.63,14.04,10.0,dental
17.26,8.8,8.9,74.48,5.27,18.37,19.81,7.93,13.55,95.05,maternal
6.87,13.56,10.56,5.81,17.79,7.91,98.18,25.84,20.23,84.22,palliative
17.07,22.01,14.98,92.8,12.87,78.06,27.38,24.13,15.12,23.43,emergency
14.86,19.33,7.82,74.49,5.43,13.35,15.21,22.57,94.84,21.56,laboratory
5.59,18.8,19.81,79.57,23.06,9.4,12.36,8.28,97.77,20.43,laboratory
11.64,15.57,5.59,15.56,22.11,13.68,19.82,93.94,80.5,17.04,pediatrics
5.27,24.85,17.29,8.59,12.98,9.15,96.65,12.11,27.18,72.22,palliative
15.81,12.3,20.23,11.41,20.65,98.6,23.52,19.73,83.58,8.03,rehabilitation
11.93,19.42,14.19,93.47,14.21,82.07,23.87,7.22,10.7,12.6,emergency
24.82,16.19,25.48,24.68,6.46,98.6,73.89,7.52,8.68,26.17,dermatology
99.28,5.21,5.39,85.48,10.12,19.6,22.1,21.99,27.56,13.21,rheumatology
96.13,13.8,22.66,85.45,26.53,9.17,6.78,25.73,13.04,16.51,rheumatology
25.29,20.74,16.9,78.73,7.17,16.82,17.31,18.05,21.7,99.13,maternal
7.04,13.92,8.92,12.59,26.47,97.05,9.92,5.8,12.27,79.16,transplant
5.72,20.85,93.16,16.84,9.1,9.63,19.68,84.59,19.61,14.35,pain_mgmt
21.05,6.36,20.23,16.17,13.19,93.89,21.98,17.5,26.89,76.95,transplant
6.5,13.87,13.17,27.17,11.15,11.56,16.84,8.9,99.53,87.23,geriatrics
84.45,7.31,10.13,17.26,11.96,96.59,27.24,15.28,9.36,19.3,home_health
14.5,80.32,6.92,14.61,18.14,11.08,8.15,98.06,5.25,20.4,fertility
7.82,20.08,22.21,20.47,5.18,17.2,92.1,73.03,6.67,7.43,ophthalmology
14.55,76.8,7.35,18.76,27.63,16.6,12.29,94.22,17.65,5.82,fertility
73.43,18.3,18.48,23.85,17.16,27.89,26.63,25.08,18.19,92.7,psychiatry
26.2,19.55,15.94,17.21,92.51,84.92,11.73,11.21,21.45,13.53,orthopedics
25.39,83.38,19.28,12.57,21.47,7.27,97.75,18.41,13.83,26.51,telemedicine
22.55,95.62,10.16,20.35,17.73,16.52,81.48,16.11,18.31,11.22,sleep_med
7.14,19.61,12.13,97.72,19.24,9.9,23.04,82.39,14.16,6.35,vascular
16.66,6.68,19.98,95.72,7.45,24.68,82.1,16.78,16.92,11.62,genetics
12.15,83.11,16.14,17.78,12.08,7.73,19.75,92.33,6.24,6.37,fertility
85.57,10.58,15.85,26.76,15.15,27.59,6.85,97.61,20.9,6.86,sports_med
93.94,16.97,6.08,21.31,80.25,24.5,17.89,26.03,8.01,22.88,family_med
19.61,26.99,17.35,7.09,27.71,95.19,13.35,77.43,17.54,18.79,urology
27.01,94.48,77.28,9.36,23.56,11.34,12.6,14.53,14.98,14.46,cardiology
5.65,16.06,85.68,19.98,18.91,9.1,17.5,95.76,24.08,5.98,pharmacy
24.65,20.7,26.21,19.26,14.34,96.98,81.79,17.71,12.05,20.35,dermatology
81.68,19.29,10.1,10.59,15.83,12.95,7.49,94.29,21.5,11.83,sports_med
8.69,7.58,10.04,22.85,10.92,24.76,11.6,96.95,85.87,24.49,pediatrics
21.39,17.39,26.78,7.43,27.79,27.16,92.62,12.43,25.72,83.79,palliative
18.39,11.88,8.32,20.96,97.32,77.76,8.73,21.47,11.22,24.83,orthopedics
15.82,96.05,9.94,15.13,72.63,25.78,6.81,14.57,25.26,24.36,immunology
23.47,25.91,10.82,92.3,75.25,22.42,24.97,13.02,8.5,24.75,neurology
18.76,95.44,79.45,25.4,8.7,7.38,5.06,12.22,8.39,10.06,cardiology
19.75,17.07,13.98,92.06,20.73,10.85,11.85,76.2,5.6,15.91,vascular
14.42,14.61,12.18,23.83,92.83,80.53,15.54,17.68,6.16,20.5,orthopedics
14.0,22.16,22.23,20.79,9.13,22.45,13.81,93.42,26.44,73.78,pulmonology
25.98,26.28,24.36,28.0,17.41,96.35,20.52,74.99,7.82,23.32,urology
24.74,15.45,19.16,11.36,27.36,95.61,74.98,8.66,11.39,22.77,dermatology
15.85,27.76,92.54,20.38,5.73,10.36,21.89,87.65,9.41,10.35,pain_mgmt
13.42,27.94,16.69,96.47,76.57,14.57,16.54,10.94,10.48,18.81,neurology
15.7,18.58,9.7,9.35,11.68,99.85,9.65,78.22,16.07,25.08,urology
19.25,8.31,87.54,15.88,19.45,11.58,6.47,11.44,98.01,19.19,neonatal
96.94,80.14,27.81,27.61,19.61,15.19,16.3,20.7,7.34,12.55,dental
13.71,86.66,21.07,25.01,20.58,19.14,21.91,93.61,21.41,26.0,fertility
73.57,22.89,26.54,27.04,9.92,11.87,17.84,10.62,97.15,6.48,gastroenterology
8.74,13.8,18.17,24.72,7.96,19.87,23.91,25.07,99.36,73.18,geriatrics
26.52,21.05,94.79,22.72,80.47,24.22,12.47,13.71,9.68,18.86,anesthesiology
10.28,19.41,24.19,19.82,6.19,11.73,94.17,21.76,72.8,9.74,nephrology
94.67,80.35,18.47,5.2,22.5,21.4,13.42,6.22,22.36,26.97,dental
11.91,94.78,6.15,25.31,83.38,8.58,22.18,26.5,26.62,16.64,immunology
5.14,17.5,99.06,16.34,26.69,13.84,87.25,8.63,23.17,14.81,plastic_surgery
77.89,25.48,5.28,25.41,10.69,22.4,13.32,5.81,97.86,26.59,gastroenterology
13.81,20.3,22.4,6.06,20.48,92.24,7.78,19.78,81.87,10.68,rehabilitation
9.99,20.26,97.28,5.93,17.3,8.64,73.27,25.26,18.29,7.64,plastic_surgery
9.6,15.24,8.63,13.68,25.06,12.77,12.56,94.38,11.16,83.66,pulmonology
26.77,14.81,94.8,79.17,23.72,26.11,13.23,15.63,25.66,6.08,oncology
6.65,17.12,16.77,95.14,20.62,22.87,16.93,11.5,75.15,7.53,wound_care
93.93,20.73,20.81,22.38,25.89,85.68,24.49,13.94,11.17,23.29,allergy
18.37,21.19,5.59,13.54,12.8,99.8,15.4,20.38,15.84,77.0,transplant
15.95,7.35,93.66,85.04,16.04,27.15,28.0,23.42,10.94,10.32,oncology
22.42,78.68,6.99,5.09,20.97,13.87,25.96,10.03,96.27,17.28,occupational
18.0,27.79,97.43,14.48,24.44,78.13,8.1,14.17,13.47,20.48,infectious
22.15,20.68,5.85,98.51,13.35,11.1,77.36,11.69,20.49,11.69,genetics
86.86,16.35,25.67,24.53,17.88,96.97,21.66,26.66,14.7,24.46,home_health
5.86,24.56,95.92,84.97,26.62,27.86,26.55,21.48,15.17,18.75,oncology
23.92,5.78,12.06,12.24,20.18,23.31,9.92,95.47,25.33,82.02,pulmonology
26.87,10.49,20.6,26.84,7.21,96.5,87.75,6.41,13.35,6.95,dermatology
85.99,22.57,23.5,21.85,12.63,21.48,8.95,93.0,25.7,13.3,sports_med
18.78,18.24,11.07,27.89,16.5,99.1,75.05,22.22,6.82,6.57,dermatology
98.07,21.11,15.61,19.38,22.71,86.33,8.25,15.86,20.42,26.24,allergy
98.68,25.83,18.67,74.09,16.08,16.69,9.52,18.79,22.98,16.52,rheumatology
7.53,24.75,22.93,8.63,95.87,11.33,17.16,23.42,83.38,16.13,thoracic
15.75,5.62,26.6,17.92,93.39,78.66,13.65,24.21,7.77,14.89,orthopedics
92.44,27.5,11.45,5.78,81.62,19.33,9.33,9.04,16.14,18.53,family_med
74.33,17.57,21.66,24.6,15.81,18.79,9.35,96.44,8.39,22.47,sports_med
14.02,6.8,78.08,11.43,24.48,21.87,21.25,98.49,5.98,12.02,pharmacy
74.6,21.18,20.66,9.77,17.31,12.94,19.5,24.91,12.24,96.37,psychiatry
10.81,23.67,82.0,10.75,12.56,14.37,6.55,94.53,8.85,24.85,pharmacy
93.69,12.92,27.32,73.06,14.96,12.25,19.23,20.97,11.8,20.84,rheumatology
10.4,92.89,87.19,19.32,6.38,6.43,19.08,17.42,6.57,10.16,cardiology
81.11,13.26,16.25,12.54,15.64,95.47,8.68,17.93,5.54,5.66,home_health
6.61,23.39,84.35,9.08,8.06,26.56,17.35,11.56,5.18,97.15,preventive
5.28,93.21,16.27,80.27,10.04,10.68,22.43,14.0,26.82,16.53,pathology
11.72,8.09,13.51,22.88,14.46,16.26,22.16,8.27,99.08,86.03,geriatrics
17.94,8.24,9.09,87.44,27.57,17.43,27.95,18.43,92.17,25.98,laboratory
26.37,14.12,11.52,16.09,93.26,78.5,9.38,12.0,26.26,8.42,orthopedics
17.29,6.23,13.1,17.49,96.95,25.98,15.68,20.58,20.3,86.03,dialysis
17.11,18.64,97.75,19.8,6.63,85.01,25.86,19.45,8.86,24.16,infectious
79.44,26.58,10.5,13.59,15.4,9.07,96.96,25.17,23.26,27.41,bariatric
5.16,16.9,7.34,10.26,24.58,20.68,15.93,95.44,76.67,14.74,pediatrics
5.81,25.02,18.35,8.75,96.81,77.92,11.21,23.66,15.98,11.75,orthopedics
22.89,22.3,95.61,17.93,25.98,13.32,86.68,25.5,21.55,16.33,plastic_surgery
18.3,20.72,19.56,10.7,99.7,79.56,7.26,27.95,19.95,19.0,orthopedics
93.36,86.36,20.09,25.28,16.16,17.47,26.14,25.7,15.31,11.31,dental
11.31,81.23,20.39,6.03,22.77,19.88,27.75,21.37,98.13,11.86,occupational
97.83,5.98,6.7,85.08,25.66,23.04,13.48,7.55,18.69,26.31,rheumatology
98.9,18.97,82.17,24.32,17.62,13.44,23.68,13.59,22.59,18.18,radiology
15.42,5.89,98.3,8.36,21.53,13.02,18.47,84.27,22.32,12.65,pain_mgmt
6.38,94.89,22.46,85.61,25.09,17.58,16.38,17.51,14.09,17.54,pathology
10.87,18.77,10.39,96.93,19.59,7.44,15.94,79.43,25.78,21.79,vascular
27.66,26.32,10.82,6.38,12.47,98.76,75.57,27.63,9.68,17.83,dermatology
19.55,26.95,98.13,18.25,15.97,9.02,86.33,11.13,26.22,25.21,plastic_surgery
78.62,15.91,24.27,15.21,21.6,22.75,15.75,23.2,92.35,6.96,gastroenterology
74.75,24.72,17.72,14.97,13.77,20.25,97.73,9.4,7.78,7.67,bariatric
17.42,94.77,26.66,6.93,26.86,22.36,84.74,13.82,6.18,19.47,sleep_med
98.54,17.47,75.02,20.7,9.92,8.79,20.43,7.15,22.77,12.35,radiology
11.33,22.68,9.62,13.0,10.64,19.94,95.93,83.74,7.47,10.91,ophthalmology
8.96,12.9,16.57,20.66,98.35,25.18,82.66,18.37,14.33,12.5,surgery
23.76,26.58,15.38,73.97,11.13,6.2,24.49,22.28,23.62,94.91,maternal
14.96,14.78,8.18,26.34,94.99,19.32,13.02,13.73,80.71,18.58,thoracic
15.4,12.04,5.37,23.96,6.77,98.32,76.91,25.96,16.43,5.27,dermatology
11.54,97.24,7.96,78.08,27.51,6.17,11.15,27.91,21.37,14.91,pathology
94.8,83.28,17.36,15.79,16.76,19.64,20.18,11.65,8.24,8.6,dental
6.74,21.81,15.67,27.49,10.08,99.35,23.06,75.55,27.94,11.69,urology
26.13,74.04,10.47,16.65,12.71,6.6,16.85,9.96,94.53,18.32,occupational
5.88,75.6,17.17,5.1,6.39,24.75,25.32,21.62,26.58,96.48,endocrinology
9.59,25.87,22.31,7.51,25.98,21.08,92.5,10.58,77.02,18.61,nephrology
9.2,9.5,27.52,27.12,98.17,20.73,12.05,19.02,80.67,14.99,thoracic
25.77,27.87,95.01,9.53,25.25,80.71,13.1,27.56,26.62,5.13,infectious
73.41,24.42,6.0,18.57,11.08,17.9,92.2,18.73,20.7,23.08,bariatric
97.15,12.21,10.19,19.47,23.53,77.08,9.74,8.58,14.71,16.73,allergy
99.86,16.81,82.33,26.84,19.84,20.03,6.17,21.44,16.24,20.15,radiology
11.2,14.34,26.37,12.1,11.63,94.61,75.75,21.74,14.28,15.77,dermatology
11.05,11.52,93.01,77.73,16.07,18.81,12.01,23.22,16.98,19.68,oncology
8.63,13.82,22.42,17.24,99.34,17.66,80.57,12.6,10.28,10.59,surgery
22.71,8.68,23.32,8.47,10.63,22.89,97.03,72.56,8.81,10.31,ophthalmology
18.21,76.85,27.67,22.24,15.0,12.64,7.82,15.61,18.13,94.65,endocrinology
13.86,27.84,20.17,11.24,93.1,6.04,12.43,7.47,76.59,10.83,thoracic
98.57,77.67,20.08,17.36,20.57,20.7,19.46,11.12,5.9,15.48,dental
20.44,17.6,98.13,23.95,5.18,11.09,8.71,86.76,12.34,24.96,pain_mgmt
8.25,24.35,25.55,19.29,14.78,94.86,17.79,27.58,85.49,19.19,rehabilitation
6.42,72.32,16.75,8.79,10.95,17.94,23.28,98.95,12.99,12.11,fertility
18.78,18.05,11.6,96.98,14.07,12.11,9.88,14.97,79.73,11.95,wound_care
72.98,9.78,26.98,26.76,8.21,27.64,5.38,9.01,93.61,12.84,gastroenterology
27.36,5.14,21.44,15.8,11.37,94.22,22.37,27.58,74.0,5.92,rehabilitation
6.64,5.9,18.23,97.89,75.48,16.58,25.08,22.52,10.33,12.69,neurology
10.16,15.17,98.63,12.13,23.34,81.0,16.67,26.62,17.07,15.68,infectious
8.18,6.75,17.63,6.7,85.32,17.22,19.65,8.55,11.19,95.42,blood_bank
81.91,20.23,6.51,20.09,5.6,5.85,92.84,7.04,10.83,6.38,bariatric
98.03,5.21,17.62,22.45,74.81,9.09,9.87,21.29,21.03,18.0,family_med
8.11,17.6,73.77,5.87,16.38,21.37,8.02,18.69,99.03,10.47,neonatal
25.18,13.53,16.36,82.05,13.65,8.4,27.28,6.61,25.65,94.34,maternal
22.48,6.51,27.38,96.69,5.9,26.82,13.55,25.58,77.55,13.03,wound_care
13.75,15.31,15.17,21.92,83.96,6.26,16.19,22.56,25.52,99.26,blood_bank
8.06,14.64,76.92,27.31,11.7,5.15,5.47,11.95,97.83,21.73,neonatal
5.25,7.2,13.79,19.02,15.05,12.88,20.95,16.78,93.22,78.58,geriatrics
20.83,7.65,93.59,17.87,7.8,6.87,83.85,15.63,16.83,16.41,plastic_surgery
19.69,9.88,24.33,14.25,92.25,27.28,87.96,8.46,22.34,25.19,surgery
13.97,16.29,10.56,23.24,18.97,7.73,16.14,26.7,99.52,87.84,geriatrics
20.94,7.99,18.84,99.7,24.48,18.12,21.02,85.4,7.69,14.17,vascular
99.57,7.58,9.07,13.99,10.92,78.72,16.38,18.18,6.5,15.33,allergy
8.68,96.33,77.14,17.13,17.7,7.06,20.21,19.59,22.7,7.09,cardiology
73.83,19.16,22.19,13.55,23.6,96.34,5.43,20.92,21.42,19.48,home_health
19.95,27.9,6.61,5.73,10.68,98.0,6.41,11.7,74.78,13.87,rehabilitation
12.79,26.95,12.21,10.54,5.36,98.9,86.66,6.56,14.54,14.63,dermatology
20.73,10.93,7.49,8.96,21.6,18.58,93.56,72.57,24.04,21.12,ophthalmology
11.49,5.59,96.08,85.7,9.78,14.69,10.9,5.31,25.67,8.11,oncology
25.46,25.27,99.81,10.04,85.87,18.01,15.51,20.25,12.48,22.71,anesthesiology
23.2,6.13,15.45,12.92,23.86,93.34,13.74,25.13,76.3,9.73,rehabilitation
98.77,26.97,19.33,10.89,78.77,5.63,26.87,14.42,20.6,20.29,family_med
24.2,12.85,17.44,16.47,94.99,84.99,5.24,12.13,24.14,25.06,orthopedics
11.13,16.8,73.75,27.91,22.97,5.44,9.46,7.4,97.03,24.03,neonatal
92.58,10.79,13.44,7.53,9.15,76.89,20.39,14.22,22.17,11.53,allergy
84.22,18.28,21.53,19.37,17.12,8.88,97.65,6.39,24.55,19.47,bariatric
6.99,17.88,26.8,81.87,21.11,5.9,17.38,21.58,97.29,14.53,laboratory
19.39,5.87,26.42,12.04,13.34,14.24,93.74,20.28,13.97,75.91,palliative
7.55,16.53,23.72,19.4,22.92,17.14,20.15,96.98,74.71,14.05,pediatrics
10.82,18.49,23.33,12.05,85.95,20.23,13.47,5.59,21.39,94.68,blood_bank
12.78,73.5,24.2,16.1,19.75,26.4,20.38,13.11,25.81,99.39,endocrinology
8.85,17.53,92.02,19.19,73.79,16.69,15.68,6.47,13.94,13.63,anesthesiology
22.32,17.63,21.01,83.21,10.18,27.98,10.25,22.23,23.79,97.23,maternal
11.98,18.79,97.14,20.93,20.41,81.15,22.05,26.98,22.74,11.04,infectious
95.34,87.09,21.59,7.03,24.47,21.84,19.05,23.87,14.29,10.09,dental
23.97,25.3,15.6,27.54,21.94,99.75,11.99,78.01,5.72,20.32,urology
5.63,94.34,78.33,17.7,11.73,27.63,11.71,15.14,7.38,10.99,cardiology
16.97,97.38,8.09,10.61,19.4,78.46,17.27,21.35,8.28,5.34,internal_med
8.11,10.16,7.89,22.97,15.41,13.86,10.85,93.08,78.79,12.23,pediatrics
93.79,16.83,87.34,22.08,27.29,17.03,22.19,24.35,11.36,9.98,radiology
17.21,26.2,5.11,19.54,96.43,24.9,25.97,26.68,75.65,9.09,thoracic
5.22,17.28,96.83,22.56,27.52,13.51,73.62,20.99,12.15,5.44,plastic_surgery
12.43,97.68,20.78,5.22,73.67,7.78,5.35,6.25,16.4,21.04,immunology
19.53,19.72,24.24,24.86,93.74,13.37,23.22,86.32,25.22,14.65,nutrition
26.93,25.05,25.81,13.67,95.98,74.7,14.13,7.9,24.86,18.37,orthopedics
14.79,78.04,7.26,13.94,9.77,9.1,8.04,12.12,94.37,20.48,occupational
80.63,15.54,18.04,11.21,18.09,12.7,9.46,13.23,93.01,24.11,gastroenterology
73.73,26.62,7.32,19.06,10.06,24.2,99.62,13.58,9.8,12.7,bariatric
7.57,73.08,21.7,18.1,21.48,22.87,23.76,18.19,98.99,13.98,occupational
21.74,22.48,97.27,10.56,73.64,6.69,18.28,8.69,16.49,23.42,anesthesiology
27.61,7.48,86.43,16.72,17.44,7.63,5.23,19.35,27.71,98.09,preventive
18.92,93.93,21.02,27.5,26.63,86.37,6.67,21.32,19.59,22.54,internal_med
6.08,79.44,26.77,25.11,26.03,26.07,27.85,20.63,94.05,19.31,occupational
27.64,24.85,6.38,12.09,93.27,16.03,19.45,13.8,80.15,25.36,thoracic
22.21,18.65,93.51,6.07,84.05,8.58,6.2,14.26,12.13,18.82,anesthesiology
97.26,8.68,26.44,19.34,78.85,9.66,14.55,13.15,25.45,9.05,family_med
23.39,14.5,14.25,8.37,22.77,15.63,95.07,7.93,18.84,74.9,palliative
9.71,86.22,20.49,23.41,12.39,16.51,98.22,25.02,17.87,13.93,telemedicine
10.16,97.85,24.46,11.18,6.2,82.56,25.45,6.03,6.49,27.86,internal_med
11.49,21.38,95.91,12.29,85.14,9.4,15.7,8.11,16.24,15.44,anesthesiology
8.85,27.0,9.17,25.64,16.82,7.5,95.82,80.97,8.55,22.59,ophthalmology
13.48,9.0,26.38,7.63,98.08,17.69,24.63,79.76,19.98,13.24,nutrition
20.85,23.16,78.67,19.43,9.76,21.05,16.7,15.06,93.92,15.85,neonatal
23.79,9.62,20.99,27.92,14.19,15.77,14.62,96.35,79.16,21.79,pediatrics
87.52,16.85,13.75,20.5,20.17,18.09,98.6,14.88,22.16,10.79,bariatric
17.7,7.56,25.39,6.05,23.36,93.85,18.49,18.16,76.57,19.08,rehabilitation
14.17,20.45,87.61,10.64,17.17,17.95,16.24,98.48,9.22,13.85,pharmacy
98.6,77.56,20.59,18.01,11.14,25.21,23.34,20.14,24.56,24.95,dental
98.83,26.62,11.51,24.16,80.39,5.82,23.4,10.44,18.79,16.17,family_med
8.09,12.49,84.8,17.57,27.78,13.71,25.95,19.45,13.25,99.3,preventive
16.55,98.87,27.04,5.94,21.41,79.89,14.73,12.11,18.17,12.9,internal_med
23.35,7.17,74.72,22.45,21.95,20.87,7.34,12.2,96.76,17.65,neonatal
86.68,25.38,20.04,7.42,13.97,14.44,6.0,19.05,95.53,10.44,gastroenterology
13.26,24.11,16.76,95.71,77.61,20.6,18.79,13.62,22.55,13.72,neurology
20.68,15.28,99.74,87.05,7.19,19.15,23.79,8.98,7.94,10.97,oncology
26.47,23.91,94.97,11.64,7.28,11.24,75.33,26.48,21.01,8.01,plastic_surgery
27.15,15.42,12.45,11.71,20.02,15.81,24.37,94.05,87.97,25.55,pediatrics
19.92,25.22,98.08,22.57,6.21,11.52,83.66,8.41,20.46,14.45,plastic_surgery
10.0,23.81,27.29,97.73,84.59,11.13,27.81,9.06,22.27,14.09,neurology
21.5,8.55,16.17,11.98,92.31,23.01,15.24,16.03,21.97,80.64,dialysis
25.14,77.49,18.88,9.6,18.1,11.76,12.71,18.2,15.59,95.01,endocrinology
14.15,27.51,85.09,10.53,16.14,9.42,21.33,17.02,15.62,94.07,preventive
8.17,12.81,9.12,10.75,96.61,5.33,7.67,20.29,14.36,73.57,dialysis
27.92,5.49,94.43,76.46,13.19,10.3,11.08,10.93,16.63,13.99,oncology
21.09,87.84,20.18,16.32,20.09,5.24,13.34,15.63,11.09,98.98,endocrinology
5.52,7.74,13.06,10.07,98.07,23.85,15.42,21.42,76.76,21.78,thoracic
7.04,26.26,27.95,7.35,22.97,6.04,93.41,15.78,75.41,22.27,nephrology
13.96,78.84,19.49,25.61,14.23,16.97,22.16,23.98,24.51,93.25,endocrinology
27.66,7.21,9.78,76.9,14.77,17.13,5.88,15.28,92.33,26.64,laboratory
20.6,21.47,20.23,10.36,19.45,95.04,72.16,27.25,21.51,10.49,dermatology
25.67,83.88,19.53,13.9,14.54,24.15,8.4,23.81,12.46,94.5,endocrinology
18.08,93.28,10.29,27.09,77.01,10.21,26.62,16.95,20.2,25.58,immunology
26.17,7.91,20.37,17.54,7.65,6.48,98.68,14.98,73.07,26.34,nephrology
23.33,85.13,20.23,9.78,15.9,15.1,27.51,17.67,96.49,5.13,occupational
98.1,11.43,27.46,72.62,17.24,11.57,12.5,23.12,26.05,8.71,rheumatology
25.25,14.76,23.73,17.69,21.02,11.54,97.66,6.97,75.26,23.59,nephrology
11.32,10.82,17.52,7.06,20.74,8.36,6.11,14.18,94.65,84.77,geriatrics
93.67,21.8,10.84,15.83,87.72,5.36,24.61,14.03,11.81,24.86,family_med
14.9,20.52,23.39,10.7,9.88,14.47,17.4,18.77,93.61,84.1,geriatrics
22.89,7.85,94.86,9.55,9.09,23.71,77.59,14.2,9.17,17.94,plastic_surgery
19.22,16.1,17.34,26.01,93.7,21.2,7.2,15.94,83.28,20.83,thoracic
26.51,19.68,97.25,15.03,25.22,10.42,16.95,85.34,22.18,26.91,pain_mgmt
12.22,24.04,27.95,8.92,26.96,6.64,23.52,99.55,82.42,12.52,pediatrics
15.49,12.07,18.02,6.92,15.13,17.22,16.39,96.44,8.51,85.14,pulmonology
9.31,21.17,16.53,16.28,96.37,72.41,5.12,12.22,12.44,21.53,orthopedics
26.67,24.83,17.93,7.33,13.25,5.56,92.42,5.93,78.81,23.08,nephrology
26.08,11.66,92.11,79.03,24.81,24.23,18.88,8.6,7.47,26.96,oncology
26.29,7.37,5.76,13.29,11.52,95.75,14.75,7.09,24.52,78.32,transplant
16.91,16.62,8.85,9.52,11.46,96.45,79.72,11.35,23.54,13.09,dermatology
8.55,96.23,12.89,11.08,81.13,13.94,24.86,10.72,12.65,12.17,immunology
20.87,27.62,14.16,86.79,26.27,14.03,27.11,8.61,20.28,95.09,maternal
92.45,22.83,5.53,24.94,80.77,16.63,18.79,13.07,11.2,16.53,family_med
25.65,13.04,19.81,96.68,5.12,23.54,15.47,73.72,5.23,21.15,vascular
20.9,97.18,27.86,18.47,81.52,12.56,21.05,26.92,7.73,10.3,immunology
27.87,5.39,99.22,21.7,21.1,78.33,12.44,22.26,5.54,7.04,infectious
23.96,97.61,18.2,18.62,23.44,75.82,22.03,21.15,13.08,17.8,internal_med
10.46,17.06,20.8,96.36,8.16,74.87,7.47,14.65,15.92,9.36,emergency
96.57,6.89,76.46,17.63,26.32,5.91,17.43,21.93,14.22,5.2,radiology
8.8,7.98,19.67,12.79,15.47,98.05,15.74,79.52,15.93,23.98,urology
26.9,92.21,19.15,19.16,12.27,9.47,80.19,6.73,26.77,22.16,sleep_med
14.94,22.19,18.81,15.82,7.4,19.48,96.45,87.81,18.4,17.47,ophthalmology
24.49,6.36,5.67,22.36,20.66,98.25,5.57,7.04,86.33,9.06,rehabilitation
16.36,9.73,10.18,11.59,20.24,15.02,22.26,95.26,9.0,80.85,pulmonology
12.86,8.21,9.08,8.39,12.55,17.52,23.74,94.1,76.44,14.9,pediatrics
23.14,10.87,94.62,6.95,12.24,10.88,22.89,83.11,14.86,5.6,pain_mgmt
24.8,75.96,27.35,24.23,15.07,26.06,14.37,15.93,94.74,11.58,occupational
25.92,15.9,75.67,11.14,14.8,23.99,23.5,22.56,8.71,94.24,preventive
23.86,26.07,12.14,21.78,5.73,11.12,97.35,21.45,74.4,5.18,nephrology
87.41,19.75,11.27,10.52,25.62,10.72,27.02,21.3,5.94,92.43,psychiatry
95.62,27.19,79.59,22.06,23.35,5.59,15.89,8.93,18.5,12.12,radiology
74.65,10.84,9.34,10.45,6.98,98.08,13.99,14.95,25.01,11.4,home_health
22.57,26.14,13.82,22.97,92.85,5.41,73.87,25.26,22.57,6.47,surgery
22.61,11.11,9.77,22.06,12.99,94.41,25.76,82.2,6.56,12.23,urology
7.53,15.78,94.41,27.49,8.84,5.71,83.54,17.84,10.02,15.97,plastic_surgery
24.79,97.72,26.02,86.54,17.37,13.76,15.83,9.99,27.34,25.39,pathology
77.42,7.69,5.52,25.87,17.94,22.0,11.15,10.49,96.12,23.69,gastroenterology
7.68,20.55,96.2,16.04,18.3,76.55,20.39,12.43,7.98,20.58,infectious
84.37,17.48,24.48,27.86,18.65,19.48,12.31,97.91,25.75,25.13,sports_med
27.29,21.97,26.58,16.18,6.97,18.72,5.73,95.22,22.68,75.77,pulmonology
17.83,22.61,9.16,14.5,97.72,76.62,15.44,8.97,25.65,25.6,orthopedics
6.81,11.06,9.12,22.69,27.29,22.33,92.74,11.69,7.68,76.51,palliative
7.86,12.15,98.81,6.36,7.42,21.79,9.17,86.54,13.09,26.85,pain_mgmt
16.89,15.39,24.5,14.92,93.23,7.17,78.17,16.35,9.42,16.3,surgery
21.09,18.22,11.16,5.74,95.91,19.52,6.49,84.86,13.37,6.47,nutrition
74.41,13.01,9.1,5.18,12.85,7.08,98.13,21.69,20.78,12.36,bariatric
16.9,15.1,96.3,13.53,22.11,73.63,21.68,25.39,17.66,26.01,infectious
8.93,26.67,17.13,94.12,10.21,26.41,6.8,8.89,87.81,17.56,wound_care
27.59,27.43,22.3,16.19,19.35,98.35,76.69,15.54,20.35,11.24,dermatology
25.67,8.84,22.05,99.22,15.03,17.59,27.85,27.09,83.37,14.9,wound_care
86.39,23.1,23.89,9.15,15.59,6.59,96.04,5.27,11.99,7.69,bariatric
10.16,7.27,18.78,95.52,27.67,77.21,5.64,27.12,19.19,16.34,emergency
77.84,5.95,22.95,18.19,7.81,7.91,11.12,23.9,23.34,98.39,psychiatry
11.25,17.38,99.01,11.59,17.61,8.72,15.7,72.33,24.62,5.81,pain_mgmt
76.13,15.02,24.03,13.12,13.36,96.8,26.72,25.31,5.58,10.2,home_health
81.12,8.98,22.5,15.01,15.59,6.15,11.54,16.74,11.97,98.25,psychiatry
14.71,22.39,11.02,24.66,24.88,17.32,97.77,9.38,76.99,13.55,nephrology
11.42,9.12,20.71,6.51,92.38,9.5,22.3,26.55,12.43,85.82,dialysis
14.86,22.58,9.5,25.36,24.75,98.76,20.44,84.81,10.23,8.76,urology
21.8,14.09,21.2,26.48,98.76,23.18,13.62,15.86,75.63,5.89,thoracic
9.93,8.73,21.77,17.47,24.7,21.5,97.26,19.53,74.73,19.97,nephrology
98.68,20.56,9.63,75.8,13.18,12.88,5.57,5.18,10.98,25.76,rheumatology
7.35,7.72,23.71,10.31,11.22,9.38,10.06,8.15,95.2,73.19,geriatrics
93.57,15.29,15.72,73.97,12.69,23.87,13.82,24.03,14.72,6.03,rheumatology
5.25,13.37,9.86,87.67,21.89,23.41,23.4,18.45,20.93,97.25,maternal
85.2,15.96,5.44,19.13,18.56,19.12,95.49,24.34,6.2,26.12,bariatric
17.38,5.34,97.36,81.92,6.81,22.19,17.01,9.71,17.87,18.7,oncology
